Search Term,Matched Food Name,Serving Qty,Serving Size,Calories,Total Fat,Saturated,Polyunsaturated,Monounsaturated,Trans,Cholesterol,Sodium,Potassium,Total Carbs,Dietary Fiber,Sugars,Protein,Vitamin A,Vitamin C,Calcium,Iron
Toor dal,Bobo's toor dal,1.0,12.55 OZ,268.0,7 g,1 g,0 g,0 g,0 g,0 mg,"1,189 mg",434 mg,37 g,5 g,6 g,14 g,25 %,38 %,2 %,3 %
Moong dal,Swad Moong Dal Fried Moong Dal,1.0,0.5 cup,360.0,15 g,7 g,--,--,--,--,210 mg,--,41 g,7 g,--,16 g,--,--,8 %,--
Chana dal,Manitou Chana Dal,1.0,0.25 cup,120.0,0 g,0 g,--,--,0 g,0 mg,5 mg,288.1 mg,22 g,9 g,3 g,8 g,--,--,1.3 %,9.44 %
Masoor dal,Deep Masoor Dal,1.0,0.5 Cup Uncooked (100 gms),353.0,1.1 g,0.2 g,0.5 g,0.2 g,0 g,0 mg,6 mg,955 mg,60 g,31 g,2 g,26 g,0 %,7 %,5 %,41 %
Rajma,Homemade Rajma,1.0,1 cup,207.0,11.7 g,--,--,--,--,0 mg,11.1 mg,470.4 mg,19 g,2.6 g,--,6.4 g,8 %,58 %,18 %,9 %
Chole,CFS CFS Chole Sabji (Chole Chana Subji) Chole Subzi,1.0,100 g 1 katori,154.0,5.4 g,--,--,--,--,--,--,--,21 g,5.8 g,15.2 g,6.4 g,--,--,--,--
Whole moong,Roshni Whole Moong Beans,1.0,1 serving,180.0,2.5 g,0 g,--,--,0 g,--,10 mg,--,28 g,14 g,0 g,9 g,--,--,--,--
Urad dal,Homemade Urad Dal,1.0,100 g,341.0,1.6 g,0.1 g,--,--,--,0 mg,38 mg,983 mg,59 g,18 g,3 g,25 g,--,--,13 %,42 %
White basmati rice,"Della White Rice, Basmati",1.0,0.25 cup,160.0,0 g,0 g,--,--,0 g,0 mg,0 mg,35 mg,36 g,1 g,0 g,3 g,--,--,0.2 %,0 %
Brown rice,Brown Rice Brown Rice,1.0,1 cup,216.0,1.8 g,0.4 g,--,--,--,--,10 mg,84 mg,45 g,3.2 g,--,5.5 g,--,--,--,--
Wheat roti,Deepak Wheat Roti,1.0,1 Roti,104.0,3.7 g,0 g,0 g,0 g,0 g,0 mg,4.3 mg,68.2 mg,15.7 g,2.6 g,0 g,2.6 g,1 %,0 %,2 %,5 %
Multigrain roti,Homemade Multigrain Roti,1.0,41 grams,154.0,3 g,--,--,--,--,--,--,--,27 g,4 g,0.28 g,6 g,--,--,--,--
Plain paratha,Sujata Plain Paratha,1.0,1 paratha,240.0,4 g,2 g,--,--,0 g,0 mg,300 mg,50 mg,60 g,2 g,6 g,4 g,--,--,13 %,25 %
Aloo paratha,Indian Aloo Paratha,1.0,1 medium,360.0,8 g,--,--,--,--,0 mg,390 mg,0 mg,65 g,--,--,10 g,--,--,--,--
Jowar roti,Homemade Jowar Ki Roti (Priya's),1.0,1 roti,84.0,1.1 g,0.1 g,0.4 g,0.4 g,--,0 mg,74.7 mg,84 mg,17.9 g,0 g,0 g,2.7 g,--,--,0.7 %,5.9 %
Bajra roti,Umadi Bajra roti,1.0,1 Piece,65.0,1 g,0 g,0 g,0 g,0 g,0 mg,120 mg,0 mg,12 g,1 g,0 g,2 g,0 %,1 %,1 %,10 %
Poha,kavisha poha poha,1.0,150 gram,295.0,1 g,--,--,--,--,0 mg,34 mg,--,65.29 g,--,2.32 g,6.12 g,--,--,20.09 %,5.36 %
Upma,Tiffin to go Upma Upma,1.0,100 gms,196.0,6 g,3.1 g,0.5 g,2.3 g,0 g,5.1 mg,594 mg,0 mg,31.6 g,3.2 g,2.3 g,3.6 g,0 %,0 %,0 %,0 %
Idli,Idli,1.0,1 item,49.0,0.133 g,0.023 g,0.053 g,0.034 g,0 g,0 mg,95.76 mg,88.54 mg,9.492 g,2.204 g,0.703 g,2.417 g,0 %,0.125 %,0.038 %,1.862 %
Plain dosa,Homemade Dosa Plain,1.0,125 Gm,250.0,10.4 g,--,--,--,--,--,237 mg,179 mg,33 g,5 g,0.3 g,6 g,--,--,--,--
Masala dosa,Tandoor Chef Masala Dosa,1.0,1 piece,230.0,12 g,3 g,--,--,0 g,0 mg,600 mg,--,27 g,3 g,2 g,4 g,--,--,--,--
Uttapam,Mtr Uttapam 100g,1.0,1 pc,360.0,--,--,--,--,--,--,--,--,--,--,--,--,--,--,--,--
Cooked oats,Generic Cooked Oats,1.0,0.5 cup cooked,159.0,3.2 g,--,--,--,--,--,--,--,27.3 g,--,--,5.5 g,--,--,--,--
White bread slice,White Bread White Bread 2 Slices,1.0,2 slices,140.0,2 g,0 g,0 g,0 g,0 g,0 mg,0 mg,0 mg,26 g,0 g,4 g,4 g,0 %,0 %,4 %,0 %
Brown bread slice,Qbake brown bread Bread slices,1.0,1 slice,91.0,0.93 g,0.37 g,0.17 g,0.34 g,--,--,--,--,15.5 g,--,--,5.25 g,--,--,--,--
Thepla,Shivam Thepla,1.0,100 gram,194.0,17.03 g,5.45 g,4.51 g,6.3 g,0 g,0 mg,156 mg,0 mg,52.07 g,1.5 g,0.8 g,9.27 g,0 %,0 %,0 %,0 %
Aloo sabzi,Kohinoor Aloo Ki Sabzi,1.0,0.333 pack (100g),84.0,3 g,0 g,0 g,--,--,0 mg,261 mg,--,13 g,3 g,0 g,1 g,0 %,2 %,4 %,2 %
Palak,Moong Dal Palak Moong Dal Palak,1.0,1 Cup Cooked,111.0,2.5 g,0.25 g,0.25 g,1.25 g,--,--,63.5 mg,107.75 mg,16 g,1.25 g,1.31 g,6 g,10 %,--,--,5 %
Bhindi,Home Bhindi Bhaji,1.0,1 cup,154.0,8.1 g,0.9 g,--,--,0 g,0 mg,890 mg,753 mg,19.5 g,7 g,10 g,4.8 g,34 %,65 %,15 %,9 %
Baingan,Homemade Baingan Sabzi,1.0,226.3 g,178.0,14 g,2 g,--,--,--,--,40 mg,517 mg,13.5 g,6.7 g,5.3 g,2.3 g,7 %,14 %,3 %,8 %
Gobhi,Homemade Aloo Gobhi,1.0,1 Cups,208.0,11.3 g,--,--,--,--,--,400 mg,312 mg,23.7 g,3.7 g,5.3 g,3.2 g,3 %,118 %,5 %,5 %
Gajar,Mumtaz Gajar Halwa,1.0,100 gram,274.0,11.3 g,5.7 g,0 g,0 g,0 g,0 mg,200 mg,0 mg,36.9 g,3.4 g,36 g,4.5 g,0 %,0 %,0 %,0 %
Matar,Homemade Gajar Matar,1.0,1 serving (180.4 gms),123.0,3.6 g,0.5 g,0 g,0 g,0 g,0 mg,927 mg,--,20.6 g,5.8 g,8.4 g,3.8 g,377 %,41 %,6 %,9 %
Lauki,Home Lauki Aloo,1.0,1 cup,134.0,6.88 g,1.09 g,3.43 g,2.1 g,0 g,0 mg,920 mg,315 mg,16.89 g,3.1 g,1.59 g,1.81 g,21 %,47 %,5 %,21 %
Turai,"Turai (Dishcloth-gourd, Towel-gourd, Ridge-gourd), Raw",1.0,"1 cup 1"" pieces (95 g)",20.0,0.2 g,0 g,0.1 g,0 g,0 g,0 mg,3 mg,139 mg,4.4 g,0.5 g,0 g,1.2 g,8 %,20 %,2 %,2 %
Mixed sabzi,Gormeh sabzi Frozen sabzi,1.0,3 oz,100.0,6 g,0.75 g,0 g,0 g,0 g,0 mg,45 mg,0 mg,8 g,0 g,1.5 g,3 g,0 %,0 %,0 %,0 %
Whole milk,Meijer Whole Milk,1.0,1 cup,150.0,8 g,5 g,--,--,0 g,25 mg,105 mg,322 mg,12 g,0 g,12 g,8 g,--,--,27.6 %,0 %
Curd,Curd. Curd.,1.0,100 ml,48.0,1.5 g,--,--,--,--,--,--,--,5 g,--,--,3.5 g,--,--,--,--
Paneer,chilli paneer paneer,1.0,100 gram,264.0,12.31 g,0 g,0 g,0 g,0 g,0 mg,0 mg,0 mg,19.75 g,0 g,2.41 g,18.62 g,0 %,0 %,0 %,0 %
Paneer curry,Fresh Menu Curried Paneer,1.0,1 bowl,230.0,10 g,--,--,--,--,--,--,--,27 g,--,--,16 g,--,--,--,--
Buttermilk,Buttermilk Rice,1.0,1 Cup,239.0,1.18 g,0.57 g,0.16 g,0.35 g,0 g,3.27 mg,840.91 mg,187.84 mg,48.53 g,0.65 g,4.07 g,6.99 g,0.97 %,9.26 %,11.14 %,10.95 %
Ghee,Swad Ghee,1.0,1 tbsp,123.0,14 g,8.7 g,--,--,0 g,38 mg,0 mg,--,0 g,--,0 g,0 g,--,--,--,--
Boiled egg,Eggs Boiled Egg,1.0,1 piece,70.0,5 g,1.5 g,1 g,2 g,0 g,185 mg,65 mg,70 mg,1 g,0 g,0 g,6 g,6 %,0 %,2 %,4 %
Egg omelette,Egg Egg Omelette,1.0,100 g,153.0,12.02 g,3.37 g,2 g,4.99 g,--,--,161 mg,114 mg,0.69 g,--,--,10.62 g,--,--,--,--
Egg bhurji,Generic Scrambled Egg Bhurji,1.0,0.5 cup cooked,191.0,13.7 g,3 g,3.2 g,6.2 g,--,--,--,--,6.1 g,--,--,12 g,--,--,--,--
Chicken curry,Cobbydale Chicken Curry Chicken Curry,1.0,1 portion,463.0,11.8 g,--,--,--,--,--,--,--,48.9 g,--,--,42.3 g,--,--,--,--
Grilled chicken breast,Grilled Chicken Breast Plain,1.0,3 oz,128.0,2.69 g,0.84 g,0.65 g,1.03 g,0.01 g,88.4 mg,44.2 mg,332.35 mg,0 g,0 g,0 g,25.96 g,0.54 %,0 %,0.42 %,2.13 %
Chicken tikka,Chicken tikka grilled Tikka,1.0,100 g,157.0,5 g,--,--,--,--,--,--,--,0.4 g,--,--,27.7 g,--,--,--,--
Mutton curry,Curry mutton Curry mutton,1.0,500 g,609.0,16.5 g,--,--,--,--,--,--,--,66.7 g,9.9 g,2 g,49 g,--,--,--,--
Fish curry,KYF Fish Curry,1.0,359 gram,404.0,26.4 g,2.1 g,--,--,--,--,641.8 mg,855.3 mg,13.3 g,3.7 g,8.7 g,27.5 g,2 %,15.67 %,9.21 %,15 %
Fried fish,fish fried fish,1.0,100 grams,243.0,13.85 g,0 g,0 g,0 g,0 g,0 mg,0 mg,0 mg,0 g,0 g,0 g,27.76 g,0 %,0 %,0 %,0 %
Canned tuna,Tuna can of tuna,1.0,1 can,100.0,1 g,0 g,0 g,0 g,0 g,55 mg,270 mg,280 mg,0 g,0 g,0 g,22 g,0 %,0 %,0 %,6 %
Prawn curry,aldi Prawn curry,1.0,350 gram,210.0,2.7 g,0.4 g,0 g,0 g,0 g,0 mg,1.1 mg,0 mg,8.6 g,2.9 g,0 g,10 g,0 %,0 %,0 %,0 %
Dal chawal,Tiffin To Go Dal Chawal,1.0,1 Cup,425.0,11.5 g,6.3 g,0.9 g,4.3 g,0 g,12.9 mg,747 mg,--,70.3 g,--,--,10.1 g,--,--,86.2 %,2.3 %
Veg biryani,Sri's Veg Biryani,1.0,1 cup,318.0,6.19 g,0.84 g,1.66 g,3.22 g,--,3 mg,866 mg,354 mg,57.17 g,--,2.74 g,7.75 g,--,--,--,--
Chicken biryani,Chicken Biryani Cook Chicken Biryani,1.0,1 cup,364.0,7.1 g,1.7 g,--,--,--,--,0.5 mg,--,46.6 g,--,9.9 g,26.5 g,--,--,--,--
Khichdi,Fit Khichdi,1.0,100 gm,116.0,1.19 g,--,--,--,--,--,53 mg,197 mg,22.85 g,3.1 g,1.72 g,4.08 g,8 %,12 %,3 %,9 %
Curd rice,Curd. Curd.,1.0,100 ml,48.0,1.5 g,--,--,--,--,--,--,--,5 g,--,--,3.5 g,--,--,--,--
Veg pulao,Eat.fit Ghar Ke Rajma & Veg Pulao,1.0,1 Bowl,548.0,6 g,--,--,--,--,--,--,--,97 g,20 g,--,23 g,--,--,--,--
Veg fried rice,CFS CFS Veg Fried Rice,1.0,124 g 1-katori,94.0,1.7 g,--,--,--,--,--,--,--,17.8 g,2.2 g,15.6 g,2 g,--,--,--,--
Samosa,Deep Samosas,1.0,2 pieces,165.0,8 g,2 g,--,--,0 g,6 mg,140 mg,--,18 g,0 g,0 g,5 g,--,--,8 %,6 %
Vada pav,Govardhan Thal Vada Pav,1.0,1 piece,300.0,9 g,5 g,0 g,1 g,10 g,70 mg,250 mg,100 mg,55 g,5 g,6 g,3 g,0 %,0 %,0 %,0 %
Pav bhaji,Pav Bhaji Pav Toasted With Butter,1.0,1 pav,100.0,--,--,--,--,--,--,--,--,--,--,--,--,--,--,--,--
Bhel puri,Snacks-maharashtiran Bhel Bhel Puri,1.0,1 Cup (112.5 grams),138.0,6.6 g,1.2 g,1.2 g,1.6 g,--,0 mg,175 mg,173.3 mg,18.3 g,2.1 g,1.9 g,2.7 g,7.2 %,12.6 %,1.6 %,3.3 %
Dhokla,Aa Chitale Dhokla,1.0,100 g,375.0,4.3 g,0.7 g,2.5 g,1.1 g,--,--,"3,474 mg",--,68.3 g,7.9 g,19.5 g,15.8 g,--,5.7 %,7.5 %,19.4 %
Veg momos,Prasuma veg momo,1.0,1 nos,35.0,0.95 g,0.65 g,--,--,0 g,0 mg,109.4 mg,--,5.43 g,--,1.1 g,1.09 g,--,--,--,--
Pakora,Pakora Veggie Pakoras,1.0,2 Pakoras,110.0,4.5 g,--,--,--,--,--,--,--,15 g,--,--,3 g,--,--,--,--
Marie biscuit,Patanjali Biscuits Marie biscuits,1.0,18 Biscuits,460.0,12 g,6 g,--,--,--,1.85 mg,170 mg,--,78 g,8 g,--,8.5 g,--,--,--,--
Banana,Banana Organic Banana Bites,1.0,1.4 oz,115.0,0 g,0 g,--,--,0 g,0 mg,0 mg,600 mg,27 g,4 g,17 g,2 g,--,--,0 %,1.94 %
Apple,Apple Country Apple,1.0,1 apple,80.0,0 g,0 g,0 g,0 g,0 g,0 mg,0 mg,170 mg,22 g,5 g,16 g,0 g,2 %,8 %,0 %,2 %
Mango,Diazteca Mango Fresh Mango Fruit,1.0,1 cup sliced,110.0,0 g,0 g,--,--,0 g,0 mg,0 mg,--,28 g,3 g,24 g,1 g,--,--,2 %,2 %
Papaya,Papaya Maradol Papaya,1.0,100 g,39.0,0 g,0 g,0 g,0 g,0 g,0 mg,0 mg,257 mg,9.8 g,1.8 g,5.9 g,0.6 g,0 %,0 %,0 %,0 %
Guava,Heinz Guava,1.0,113 g,86.0,0 g,--,--,--,0 g,--,25.8 mg,--,21.4 g,2.8 g,15.5 g,0.2 g,--,--,0.91 %,0 %
Watermelon,Watermelon,1.0,"1 cup, ball",23.0,0.115 g,0.015 g,0.039 g,0.031 g,0 g,0 mg,0.77 mg,86.24 mg,5.814 g,0.308 g,4.774 g,0.47 g,29.206 %,10.395 %,0.539 %,1.024 %
Orange,Darling Oranges Navel Orange,1.0,1 medium orange,80.0,0 g,0 g,--,--,0 g,0 mg,0 mg,250 mg,19 g,3 g,14 g,1 g,--,--,7.8 %,0 %
Pomegranate,Asda pomegranate Pomegranate,1.0,1 cup,63.0,0.5 g,0.1 g,0 g,0 g,0 g,0 mg,0 mg,0 mg,12 g,0 g,0 g,1.3 g,0 %,0 %,0 %,0 %
Chai,Pacific Chai Spice Chai Latte,1.0,2 tbsp,90.0,1.5 g,1.5 g,--,--,0 g,0 mg,30 mg,170 mg,16 g,0 g,16 g,1 g,--,--,3.7 %,0 %
Black coffee,black Coffee Black Coffee,1.0,1 cup,0.0,0 g,0 g,0 g,0 g,0 g,0 mg,0 mg,116 mg,0 g,0 g,0 g,0 g,0 %,0 %,0 %,0 %
Coffee with milk,Stumptown Coffee with Milk,1.0,1 cup,110.0,3 g,2 g,--,--,0 g,20 mg,25 mg,--,14 g,0 g,14 g,2 g,--,--,6 %,0 %
Sweet lassi,Nestle Sweet Lassi,1.0,100 ml,60.0,1.4 g,0 g,0 g,0 g,0 g,0 mg,0 mg,0 mg,10.3 g,0 g,7.9 g,1.5 g,0 %,0 %,0 %,0 %
Coconut water,Coconuts water Coconut water,1.0,1 cup,90.0,0 g,0 g,--,--,--,--,45 mg,--,23 g,--,43 g,0 g,--,--,--,--
Protein shake,Protein Shake Protein Shake,1.0,1 Scoop,110.0,1 g,--,--,--,--,5 mg,115 mg,--,1 g,--,--,25 g,--,--,--,--
Nimbu pani,Mania Nimbu Pani (Lemonade),1.0,201 ml,98.0,0 g,0 g,0 g,0 g,0 g,0 mg,0 mg,0 mg,24.8 g,0 g,24 g,0 g,0 %,0 %,0 %,0 %
Fruit juice,Fruitopia Fruit Juice,1.0,1 serving,90.0,0 g,--,--,--,--,--,20 mg,--,24 g,--,23 g,0 g,--,--,--,--
Almonds,Blue Diamond Almonds Almonds,1.0,28 nuts,170.0,16 g,1 g,4 g,10 g,0 g,0 mg,40 mg,194 mg,5 g,3 g,1 g,6 g,--,--,6 %,6 %
Walnuts,Chopped Walnuts,1.0,1 tbsp,49.0,4.89 g,0.46 g,3.54 g,0.67 g,--,0 mg,0.15 mg,33.08 mg,1.03 g,0.5 g,0.2 g,1.14 g,0.03 %,0.16 %,0.73 %,1.21 %
Peanuts,The Peanut Shop of Williamsburg Peanuts,1.0,2 tbsp,160.0,13 g,2 g,--,--,0 g,0 mg,40 mg,--,6 g,2 g,1 g,7 g,--,--,2 %,2 %
Pumpkin seeds,Pumpkin seeds,1.0,1 g,6.0,0.456 g,0.07 g,0.217 g,0.112 g,0 g,0 mg,0.18 mg,8.2 mg,0.152 g,--,0.011 g,0.244 g,0.025 %,0 %,0.039 %,0.556 %
Flaxseeds,Flaxseed flaxseed,1.0,100 gram,494.0,36.5 g,--,--,--,--,--,--,--,7.7 g,--,--,23 g,--,--,--,--
Cashews,Hines Cashews,1.0,1 oz,160.0,14 g,2.5 g,--,--,0 g,0 mg,85 mg,188 mg,9 g,0.5 g,1 g,5 g,--,--,0 %,10 %
Whey protein,Pure Protein Natural Whey Protein Whey Protein,1.0,1 scoop (33g),130.0,2 g,1 g,0 g,0 g,0 g,30 mg,55 mg,220 mg,5 g,1 g,3 g,23 g,0 %,0 %,12 %,3 %
Peanut butter,"Real Peanut Butter Peanut Butter, Creamy",1.0,2 tbsp,190.0,16 g,2.5 g,--,--,0 g,0 mg,65 mg,108 mg,7 g,3 g,2 g,8 g,--,--,2 %,5.56 %
Maggi noodles,Maggi Noodles,1.0,0.25 cup (46g),170.0,1 g,0 g,0 g,0 g,0 g,30 mg,350 mg,0 mg,32 g,2 g,1 g,6 g,0 %,0 %,0 %,0 %
Soya chunks,Fortune Soya Chunks Soya Chunks,1.0,20 gram,69.0,0.2 g,0.04 g,--,--,0 g,0.1 mg,21.6 mg,--,6.3 g,--,0.95 g,10.5 g,--,--,--,--
Paneer butter masala,Generic Jc Paneer Butter Masala,1.0,200 GM,487.0,43.5 g,--,--,--,--,--,--,--,12.6 g,--,--,11.7 g,--,--,--,--
Dal makhani,Generic Dal Makhani,1.0,100 g,135.0,7.6 g,--,--,--,0 g,0 mg,387 mg,--,11.6 g,4.9 g,2.8 g,5.3 g,--,--,--,--
Naan,Santosh Naan,1.0,0.5 naan,150.0,3.5 g,0.5 g,--,--,0 g,0 mg,350 mg,--,20 g,2 g,1 g,4 g,--,--,2 %,8 %
Raita,Huds Raita,1.0,1 oz,36.0,0.9 g,0.6 g,--,--,0 g,3.4 mg,40.6 mg,--,4.1 g,0 g,4 g,3 g,3 %,2 %,9 %,0 %
Pickle,McClure's Pickles Dill Pickles,1.0,1 package drained,10.0,0 g,0 g,--,--,0 g,0 mg,420 mg,0 mg,2 g,0.5 g,2 g,0 g,--,--,6 %,0 %
Dark chocolate,Eclat Chocolate Dark Chocolate,1.0,0.25 bar,77.0,6.2 g,3.8 g,--,--,0 g,0 mg,1.4 mg,--,6.9 g,1.5 g,4.2 g,1 g,--,--,0.91 %,3.5 %
Vegetable Biryani,Parampara Vegetable. Biryani,1,1 tablespoon,90,7 g,0.5 g,0 g,0 g,0 g,0 mg,0 mg,0 mg,7 g,0 g,0 g,1 g,0 %,0 %,0 %,0 %
Paneer Biryani,Kohinoor Rice Treat - Paneer Tikka Biryani,1,125 g,229,9 g,--,--,--,--,--,512 mg,--,30 g,--,--,8 g,--,--,--,--
Jeera Rice,Quikish Jeera Rice,1,150 g,387,10.41 g,2.52 g,--,--,0 g,0 mg,266.88 mg,--,57.73 g,16.09 g,10.41 g,17.98 g,--,--,--,--
Lemon Rice,Harmons lemon rice Lemon rice,1,100 g,140,5 g,--,--,--,--,--,--,--,21 g,--,--,3 g,--,--,--,--
Tamarind Rice (Puliyogare),South Indian Puliyogare,1,1 cup,233,10.5 g,--,--,--,--,--,--,--,31 g,1.9 g,--,3.3 g,--,--,--,--
Coconut Rice,Khazana Coconut Jasmine Rice,1,1 cup,260,7.4 g,6.4 g,--,--,0 g,0 mg,3.1 mg,43 mg,43.2 g,1.3 g,0.6 g,4.7 g,--,--,12.68 %,13.89 %
Tomato Rice,"Pilaf, rice with tomato, homemade",1,1 g,1,0.026 g,0.003 g,0.011 g,0.007 g,0 g,0 mg,3.26 mg,0.82 mg,0.279 g,0.007 g,0.009 g,0.029 g,0.006 %,0.05 %,0.008 %,0.037 %
Kashmiri Pulao,Haldiram's Kashmiri Mixture,1,1 cup,190,12 g,3 g,--,--,0 g,0 mg,240 mg,423.6 mg,15 g,3 g,1 g,6 g,--,--,2.14 %,8.33 %
Peas Pulao,Kabuli Pulao,1,1 cup,348,12.28 g,1.02 g,6.95 g,3.66 g,0.25 g,0 mg,764.18 mg,159.08 mg,53.81 g,1.79 g,6.77 g,5.43 g,44.87 %,1.69 %,3.71 %,3.95 %
Paneer Pulao,Kabuli Pulao,1,1 cup,348,12.28 g,1.02 g,6.95 g,3.66 g,0.25 g,0 mg,764.18 mg,159.08 mg,53.81 g,1.79 g,6.77 g,5.43 g,44.87 %,1.69 %,3.71 %,3.95 %
Khichdi (dal + rice),tuver dal khichdi tuver dal khichdi,1,1 grams,1,--,--,--,--,--,--,--,--,--,--,--,--,--,--,--,--
Masala Khichdi,Surti khichdi Moong Dal Khichdi,1,1 cup,424,28 g,0 g,0 g,0 g,0 g,0 mg,200 mg,80 mg,35 g,4 g,0 g,5 g,--,--,70 %,7.7 %
Pongal,Fitfoodiy's Pongal,1,350 g,393,5.1 g,2.8 g,--,--,--,--,25 mg,180 mg,71.8 g,13.4 g,1.3 g,17.5 g,--,--,4 %,30 %
Bisibele Bath,Kesari Bath,1,1 serving,427,18.21 g,10.33 g,1.08 g,5.73 g,0 g,40.96 mg,32.71 mg,145.97 mg,61.34 g,1.99 g,28.55 g,6.13 g,9.82 %,0.29 %,1.76 %,12.2 %
Vangi Bath,bath bomb,1,1 bomb,"99,999",420 g,--,--,--,--,--,--,--,100 g,--,--,1 g,--,--,--,--
Schezwan Fried Rice (Indian style),Suhana Cuppa Schezwan Fried Rice,1,100 grams,390,7.6 g,0.9 g,--,--,--,--,--,--,71.6 g,--,6.7 g,10.5 g,--,--,--,--
Paneer Fried Rice,Generic Pan Fried Paneer,1,30 grams (5 pieces),90,7 g,--,--,--,--,25 mg,5 mg,--,1 g,0 g,--,6 g,--,--,--,--
Mushroom Pulao,Haldiram's Vegetable Pulao,1,0.5 pack,200,6 g,0.5 g,--,--,0 g,0 mg,160 mg,175 mg,34 g,1 g,0 g,3 g,--,--,3.9 %,0 %
Corn Rice,Rico Corn Rice,1,1 cup,180,0 g,0 g,0 g,0 g,0 g,0 mg,0 mg,65 mg,41 g,1 g,0 g,3 g,4 %,0 %,5 %,7 %
Palak Rice,Epic Palak Paneer with Rice,1,1 serving,418,20 g,11 g,--,--,--,--,498 mg,--,40 g,3 g,3 g,20 g,--,--,--,--
Beetroot Rice,Scale KSA Beetroot Rice,1,100 g,111,0.8 g,--,--,--,--,--,--,--,23.5 g,--,--,2.3 g,--,--,--,--
Mint Rice,Rice Dream Mint Pie,1,1 pie,340,20 g,10 g,0 g,0 g,0 g,0 mg,80 mg,0 mg,39 g,0 g,25 g,2 g,0 %,0 %,4 %,8 %
Plain Roti,Punjas Plain Roti,1,50 gram,160,5.1 g,3 g,2.8 g,0 g,0 g,0 mg,243 mg,0 mg,24.5 g,1.9 g,1.6 g,4 g,0 %,0 %,13 %,150 %
Butter Roti,Roti Rotis,1,100 gram,236,4.1 g,0.8 g,--,--,--,--,--,--,45.3 g,6.9 g,0.3 g,8.2 g,--,--,--,--
Tandoori Roti,Deep Tandoori Roti (58 G),1,1 Roti,165,1 g,--,--,--,--,0 mg,458 mg,167 mg,32 g,4 g,1 g,6 g,--,--,8 %,10 %
Paneer Paratha,Homestyle Paneer Paratha,1,1 paratha,265,13 g,--,--,--,--,10 mg,160 mg,--,28 g,6 g,1 g,9 g,--,--,8 %,15 %
Gobi Paratha,Indian Gobi Paratha,1,1 medium,184,7.5 g,--,--,--,--,0 mg,590.1 mg,143.2 mg,26.9 g,--,--,5 g,0.3 %,23.8 %,1.4 %,1.2 %
Methi Paratha,Homemade Methi Paratha,1,1 paratha (about 55g),131,8 g,--,--,--,--,--,--,--,25.2 g,--,--,7 g,--,--,--,--
Laccha Paratha,Laccha semai Epheni,1,100 gram,530,32.7 g,--,--,--,--,--,--,--,51.9 g,--,--,7 g,--,--,--,--
Pudina Paratha,Kawan Pudina Mini Paratha,1,1 piece,150,6 g,4 g,0 g,0 g,0 g,0 mg,230 mg,50 mg,21 g,2 g,1 g,3 g,0 %,0 %,15.7 %,0.4 %
Ajwain Paratha,Goeld Ajwain Paratha,1,50 gram,135,2.91 g,1.15 g,--,--,--,--,105 mg,87.5 mg,24.78 g,2.6 g,--,2.39 g,--,--,--,--
Bhakri (jowar/bajra),Deep Bhakri Masala,1,1 piece,130,6 g,2.5 g,--,--,0 g,0 mg,150 mg,94 mg,18 g,1 g,1 g,2 g,--,--,2.6 %,6 %
Missi Roti,Mom Made Missi Roti,1,1 roti,200,4 g,1 g,0 g,0 g,0 g,0 mg,0 mg,0 mg,0 g,0 g,0 g,0 g,0 %,0 %,0 %,0 %
Makki di Roti,FWN Makki roti (FWN),1,40 gram,91,3.6 g,--,--,--,--,--,--,--,13.7 g,1.5 g,--,1.3 g,--,--,--,--
Butter Naan,Flik Butter Naan (66916.8),1,1 each,333,17.61 g,4.61 g,--,8.8 g,0.04 g,16.17 mg,118.19 mg,75.29 mg,37.87 g,1.3 g,1.21 g,5.56 g,3.91 %,0 %,3.67 %,12.56 %
Garlic Naan,Kawan Garlic Naan,1,1 piece,250,4 g,3 g,--,--,0 g,0 mg,130 mg,45 mg,47 g,1 g,6 g,7 g,--,--,1.1 %,2.78 %
Kulcha,Britania Atta Kulcha Kulcha,1,100 gram,341,4 g,2 g,1 g,1 g,0 g,0 mg,0 mg,0 mg,56 g,8 g,3.5 g,9 g,0 %,0 %,0 %,0 %
Amritsari Kulcha,Delight Amritsari Kulcha,1,100 gram,270,9 g,5 g,--,--,0 g,10 mg,--,--,39 g,--,--,8 g,--,--,--,--
Stuffed Kulcha,Paneer Kulcha (Haldiram) paneer kulcha,1,80 gram,220,9 g,5 g,0 g,0 g,0 g,20 mg,0 mg,0 mg,28 g,0 g,0 g,7 g,0 %,0 %,0 %,0 %
Rumali Roti,Sher-E-Punjab Rumali Roti,1,1 roti,160,4.5 g,1.5 g,--,--,0 g,0 mg,330 mg,--,24 g,2 g,1 g,5 g,--,--,5.2 %,10 %
Malabar Parotta,Anand malabar Parotta,1,2 Parottas,360,10 g,0 g,0 g,0 g,0 g,0 mg,220 mg,0 mg,58 g,0 g,5 g,9 g,0 %,0 %,4 %,0 %
Appam,Homemade Pal Appam,1,1 piece,85,2.6 g,0.4 g,0.7 g,1.3 g,--,0 mg,4.7 mg,77.1 mg,15.1 g,0.9 g,0 g,1 g,0.2 %,1.8 %,0.7 %,2 %
Neer Dosa,Dosa 1 Dosa 60g,1,100 grams,183,7.7 g,--,--,--,--,--,--,--,23.5 g,1.9 g,--,4.9 g,--,--,--,--
Dal Tadka,Suhana Dal Tadka,1,1 Cup,220,7.9 g,2.5 g,--,--,--,--,--,--,28 g,3.4 g,--,9.2 g,--,--,--,--
Dal Fry,Uttam Moong Dal Fry,1,100 g,468,20 g,7 g,0 g,0 g,0 g,0 mg,500 mg,0 mg,49 g,0 g,2 g,23 g,0 %,0 %,0 %,0 %
Gujarati Dal,Sukharam Instant Gujarati Dal Masala,1,28.35 gram,111,2.37 g,0.49 g,0.5 g,1.38 g,0 g,0 mg,430.22 mg,--,19.85 g,0.5 g,0.63 g,2.49 g,0 %,6 %,13 %,4 %
Sambar,Madram Sambar Sambar dal,1,100 gms,184,18 g,--,--,--,--,--,--,--,0.4 g,--,--,5.3 g,--,--,--,--
Rasam,Rass Rasam,1,100 grams,12,0.4 g,0.2 g,--,--,--,1 mg,258 mg,71 mg,2.2 g,0.4 g,1.5 g,0.3 g,4 %,6 %,1 %,1 %
Kadhi (Gujarati),Ganesh Chutney Kadhi Mix Gujarati Curry,1,1 cup,130,5 g,2 g,--,--,--,0 mg,600 mg,--,16 g,5 g,8 g,5 g,--,--,4 %,4 %
Kadhi Pakora,Kohmoor Punjabi Kadhi Pakora,1,0.333 Pkg,162,6 g,2 g,0 g,0 g,0 g,4 mg,480 mg,0 mg,23 g,4 g,0 g,4 g,1 %,6 %,45 %,10 %
Rajma Masala,Homemade Rajma Masala,1,0.5 cup cooked,120,3.5 g,--,--,--,--,--,610 mg,--,17 g,--,--,5 g,--,--,--,--
Chole Masala,tata sampann punjabi chole masala,1,100 gram,395,13.6 g,--,--,--,--,--,--,--,55.9 g,--,--,12.2 g,--,--,--,--
Kala Chana Curry,Piping Pot Curry Punjabi Kala Chana,1,1 meal,250,6 g,--,--,--,--,--,658 mg,661 mg,38 g,10 g,8 g,11 g,--,--,--,--
Lobia Curry,Cowpeas / Lobia Meetu Cowpeas / Lobia Meetu,1,100 gm,90,0.4 g,0.1 g,0.2 g,0 g,0 g,0 mg,4 mg,431 mg,19 g,5 g,3 g,3 g,16 %,4 %,12 %,6 %
Mixed Dal,Selco Mixed Dal,1,50 G,178,5.35 g,--,--,--,--,--,--,152 mg,23.2 g,5.3 g,1.8 g,8.95 g,--,--,--,2.5 %
Shahi Paneer,Haldiram's Shahi Paneer,1,0.5 pack (142g),370,31 g,11 g,0 g,0 g,0 g,50 mg,570 mg,0 mg,14 g,1 g,1 g,9 g,0 %,0 %,0 %,0 %
Kadai Paneer,Flik Kadai Paneer (64872.5),1,1.5 cup,572,46.92 g,19.04 g,--,15.33 g,0.56 g,86.49 mg,396.49 mg,684.43 mg,29.09 g,7.75 g,14.77 g,15.99 g,45.51 %,119.8 %,47.1 %,19.8 %
Palak Paneer,palak paneer palak paneer,1,100 Gramm,115,6.7 g,1.8 g,--,--,--,--,--,--,9.8 g,--,--,4.1 g,--,--,--,--
Matar Paneer,Gits Matar Paneer,1,142.5 g(5oz),223,16.3 g,1.4 g,--,--,--,--,755 mg,--,12 g,3.6 g,0 g,7 g,--,--,--,--
Paneer Bhurji,Homemade Paneer Bhurji,1,1 cup,181,9.1 g,2.1 g,3.1 g,3.4 g,--,6.7 mg,475.5 mg,327.3 mg,12.8 g,1.5 g,1 g,13.2 g,14.6 %,20.7 %,9.2 %,10.6 %
Malai Kofta,Vepura Malai Kofta,1,1 Packung,699,35 g,0 g,0 g,0 g,0 g,0 mg,0 mg,0 mg,5.2 g,0 g,0 g,10 g,0 %,0 %,0 %,0 %
Veg Kofta Curry,FITT Meals Veg Kofta Curry -MUSCLE GAIN,1,1 Muscle Gain,756,16 g,--,--,--,--,--,--,--,130 g,--,--,23 g,--,--,--,--
Dum Aloo,Sodexo Dum Aloo,1,1 cup,192,13.8 g,--,--,--,--,--,--,--,15.18 g,--,--,1.39 g,--,--,--,--
Aloo Matar,Flik Aloo Matar (65181.0),1,0.5 cup,92,2.22 g,0.19 g,--,1.3 g,0.01 g,0 mg,45.62 mg,261.81 mg,16.49 g,2.16 g,1.43 g,2.22 g,9.71 %,13.57 %,1.51 %,4.34 %
Baingan Bharta,Trader Joe's Baingan Bharta,1,0.5 cup (95 g),100,4.5 g,0.5 g,--,--,0 g,0 mg,210 mg,--,13 g,1 g,0 g,2 g,0 %,6 %,4 %,4 %
Aloo Baingan,Homemade Ando 2021 - Aloo Baingan,1,1 Cup,0,9.9 g,1.4 g,0 g,0 g,0 g,0 mg,26 mg,--,25 g,6.1 g,7.4 g,3.8 g,0 %,--,--,0 %
Bhindi Masala,Masala Craft Bhindi Masala,1,95 g (1/3 package),120,5 g,0.5 g,2 g,2.5 g,0 g,0 mg,210 mg,--,16 g,2 g,1 g,3 g,0 %,2 %,4 %,6 %
Lauki Kofta,Mj Kitchen Lauki,1,1 Large Bowl,189,2.7 g,0.3 g,0.4 g,1.7 g,0 g,0 mg,17.2 mg,"1,059.7 mg",42.6 g,11.1 g,0 g,4.1 g,430.5 %,90.2 %,15.1 %,11.8 %
Aloo Gobi,Malhar Gobi Aloo,1,1 katori,146,7 g,--,--,--,--,--,--,--,19.25 g,--,--,2.75 g,--,--,--,--
Aloo Jeera,"Eat.fit Bengali Chicken Curry, Jeera Aloo & Rotis",1,1 container,591,19 g,--,--,--,--,--,--,--,67 g,14 g,--,39 g,--,--,--,--
Aloo Methi,Mtr Aloo Methi,1,150 g,160,7 g,0.7 g,--,--,--,--,590 mg,--,22 g,--,0 g,3 g,--,--,--,--
Bhindi Fry,Homemade Bhindi(okra) Fry With Coconut,1,1 (50g),261,20.5 g,13.9 g,--,--,--,32.7 mg,747.4 mg,--,19.4 g,8.2 g,5.2 g,4.9 g,--,--,--,--
Cabbage Sabzi,Papad Ki Sabzi Sabzi,1,3 person,388,7.5 g,0.4 g,1.4 g,2.8 g,0 g,0 mg,"2,503.7 mg",153.4 mg,58.5 g,1.6 g,2.1 g,22.3 g,5.8 %,77.1 %,3.4 %,3.5 %
Beans Poriyal,Sodexo Workplace Green Beans Poriyal,1,0.5 cup,130,10 g,7 g,0.5 g,0 g,0 g,5 mg,240 mg,200 mg,10 g,4 g,3 g,3 g,11.12 %,14.83 %,4.3 %,5.89 %
Carrot Beans Sabzi,Homemade Beans Aloo Sabzi,1,1 cup cooked,200,0 g,0 g,0 g,0 g,0 g,0 mg,100 mg,--,25 g,3 g,--,--,0 %,8 %,3 %,0 %
Gajar Matar,Crax matar Matar,1,100 gm,456,17.3 g,--,--,--,--,--,--,--,56.6 g,--,--,18.4 g,--,--,--,--
Tinda Masala,Tinda inglesa panzotti,1,5 unidades,216,8 g,3.2 g,0 g,0 g,0 g,0 mg,210 mg,0 mg,22 g,1 g,0 g,14 g,0 %,0 %,0 %,0 %
Turai Sabzi,Lauki Sabzi,1,1 cup,69,2.67 g,0.23 g,0.49 g,1.78 g,0.02 g,0 mg,166.13 mg,459.03 mg,11.16 g,3.3 g,2.53 g,1.89 g,10.98 %,37.81 %,5.54 %,7.01 %
Karela Fry,laxmi karela,1,0.75 cup,30,0 g,0 g,0 g,0 g,0 g,0 mg,0 mg,4 mg,6 g,2 g,0 g,2 g,0 %,0 %,2 %,4 %
Pumpkin Sabzi,sabzi pakora sabzi pakora,1,50 gram,285,17.5 g,--,--,--,--,--,--,--,18.4 g,--,--,6.4 g,--,--,--,--
Capsicum Potato,BTS Stuffed Capsicum with Mince and Potatoes,1,1 serving size,391,13.1 g,10 g,0.1 g,0 g,0 g,0 mg,358 mg,710 mg,25.9 g,2.9 g,1.1 g,41.1 g,23 %,41.4 %,1 %,6 %
Corn Capsicum,Capsicum Rice,1,1 servings,342,11.16 g,0.87 g,1.93 g,7.68 g,0.08 g,0 mg,786.63 mg,300.62 mg,56.6 g,5.56 g,3.12 g,6.17 g,6.45 %,106.19 %,10.65 %,22.26 %
Mushroom Masala (dry),Maharashtrian Dry Garam Masala,1,10 g,15,--,--,--,--,--,--,--,--,--,--,--,--,--,--,--,--
Paneer Tikka (dry),Indali Paneer Tikka Masala,1,0.5 package,172,11 g,7 g,--,--,0 g,21 mg,504 mg,242 mg,13 g,3 g,6.6 g,6 g,--,--,18 %,4.5 %
Soy Chunk Sabzi,ChopChop Sabzi for ghormeh sabzi,1,85 gram,60,1 g,0 g,--,--,0 g,0 mg,40 mg,--,10 g,4 g,2 g,3 g,90 %,100 %,10 %,30 %
Beetroot Sabzi,Papad Ki Sabzi Sabzi,1,3 person,388,7.5 g,0.4 g,1.4 g,2.8 g,0 g,0 mg,"2,503.7 mg",153.4 mg,58.5 g,1.6 g,2.1 g,22.3 g,5.8 %,77.1 %,3.4 %,3.5 %
Raw Banana Fry,"Raw Banana, Raw",1,100 gram,98,0.3 g,0.1 g,0.1 g,0 g,0 g,0 mg,1 mg,358 mg,22.8 g,2.6 g,12.2 g,1.1 g,1.3 %,14.5 %,0.5 %,1.4 %
Jackfruit Sabzi,The Jackfruit Company BBQ Jackfruit,1,0.5 cup,110,3.5 g,0 g,--,--,0 g,0 mg,370 mg,--,18 g,6 g,7 g,2 g,--,--,7.8 %,4 %
Kachori,H.j.vyas Kachori,1,100 gram,460,23 g,12 g,0 g,0 g,0 g,0 mg,381 mg,0 mg,52 g,5 g,14 g,11 g,1 %,3 %,6 %,16 %
Pani Puri,Surati Pani Puri,1,5 piece,70,3 g,0.5 g,--,--,0 g,0 mg,25 mg,--,8 g,1 g,0 g,1 g,--,--,0 %,0 %
Sev Puri,sev puri sev puri,1,100 gram,224,0 g,--,--,--,--,--,--,--,56 g,--,--,0 g,--,--,--,--
Dahi Puri,Dahi,1,1 cup,100,4.2 g,2.66 g,0.13 g,1.2 g,0 g,14 mg,371 mg,99 mg,3.45 g,0 g,1.3 g,11.75 g,2.8 %,--,7.2 %,0.72 %
Ragda Pattice,Ashoka Vegetable burger pattice,1,1 burger,150,8 g,1 g,--,--,--,--,--,--,15 g,--,--,2 g,--,--,--,--
Misal Pav,Pav-Wala's Mumbai Pav Roll,1,1 roll,120,1 g,0 g,--,--,0 g,0 mg,83 mg,--,23 g,2 g,2 g,4 g,--,--,7 %,4 %
Dabeli,Natural Dabeli Peanuts,1,1 gm,200,30 g,25 g,--,--,--,--,80 mg,--,2.5 g,--,10 g,25 g,--,--,2.5 %,2.5 %
Khaman Dhokla,Papaji’s Khaman dhokla,1,145 gram,228,12 g,4 g,--,--,0 g,--,407 mg,--,27 g,--,--,7 g,--,--,--,--
Nylon Khaman,Camaron nylon Camaron nylon,1,100 gr,117,1.7 g,--,--,--,--,0 mg,240 mg,--,0 g,--,--,23.7 g,--,--,--,--
Handvo,Uttam Handvo,1,100 gm,170,0.75 g,0.6 g,--,--,0 g,0 mg,900 mg,--,35 g,3.5 g,9 g,6 g,2 %,--,2 %,2 %
Fafda,Garvi Gujarat Fafda,1,1.5 oz,254,18.81 g,10.75 g,--,--,0 g,--,240 mg,--,14.68 g,3.4 g,0.58 g,6.36 g,0 %,0 %,3 %,0 %
Jalebi,Generic- Jalebi,1,100 gm,300,4.3 g,0.6 g,1.7 g,2.2 g,--,2 mg,146 mg,--,62.36 g,1 g,43 g,4 g,--,--,8 %,4 %
Pakora (mixed),Pakoras Pakoras,1,2 grams,90,4.5 g,0 g,0 g,0 g,0 g,0 mg,230 mg,0 mg,11 g,0 g,0 g,2 g,0 %,0 %,0 %,0 %
Paneer Pakora,Prabu Paneer Pakora,1,37 gram,90,4 g,2.5 g,0 g,0 g,0 g,15 mg,200 mg,0 mg,8 g,1 g,2 g,6 g,2 %,4 %,8 %,4 %
Mirchi Bhajji,Deep Frozen Pav Bhajji,1,1 piece,140,5 g,--,--,--,--,--,--,--,22 g,--,--,5 g,--,--,--,--
Bread Pakora,Chicken Pakora Pakora,1,1 Serving,391,18.7 g,3.91 g,--,--,--,--,--,--,27.2 g,3 g,1 g,27.2 g,--,--,--,--
Aloo Tikki,Amul Aloo Tikki,1,100 grams (2.5 aloo tikkis),157,5 g,2.9 g,1.8 g,1 g,0 g,--,0 mg,0 mg,24.3 g,0 g,0.2 g,3.6 g,0 %,0 %,0 %,0 %
Cutlet,VEG CUTLET VEG CUTLET,1,100 gm,283,11.3 g,--,--,--,--,--,--,--,34 g,--,3.8 g,9.4 g,--,--,--,--
Veg Roll,dohertys veg roll,1,50 g,121,8 g,0 g,0 g,0 g,0 g,0 mg,0 mg,0 mg,13.2 g,0 g,0 g,11.5 g,0 %,0 %,0 %,0 %
Frankie,El Franky Spaguetti Del Franky,1,1 tasse cuite,747,15 g,5.1 g,0 g,0 g,0 g,11 mg,794 mg,"1,600 mg",84 g,18.2 g,18.8 g,52.3 g,43 %,55 %,11 %,38 %
Momos (veg),Prasuma veg momo,1,1 nos,35,0.95 g,0.65 g,--,--,0 g,0 mg,109.4 mg,--,5.43 g,--,1.1 g,1.09 g,--,--,--,--
Spring Roll,Vegetable Spring Roll,1,1 roll,148,6.22 g,0.56 g,3.19 g,2.05 g,0.12 g,11.61 mg,269.91 mg,68.68 mg,19.28 g,0.87 g,0.88 g,3.75 g,11.94 %,10.75 %,1.94 %,6.9 %
Chole Bhature,Homemade Bhature,1,1 Nos,187,10 g,2 g,6 g,2 g,--,--,0.5 mg,26.75 mg,19.5 g,--,--,3 g,--,--,--,2 %
Bread Upma,Ella upma Upma,1,1 cup,250,7 g,3.1 g,--,--,--,--,--,--,42 g,3 g,4 g,6 g,--,--,--,--
Sabudana Vada,Home-made Sabudana Vada (From Fatsecret.com),1,1 piece (25 g),176,8.4 g,1.15 g,1.59 g,5.39 g,--,--,299.7 mg,420 mg,23 g,2.75 g,1.01 g,3.47 g,--,--,--,--
Sabudana Khichdi,Aa Sabudana Khichdi,1,1 cup cooked,344,15.8 g,2.2 g,3.4 g,9.5 g,--,--,1.1 mg,120.1 mg,50.9 g,1.7 g,0.8 g,4.4 g,--,--,--,--
Medu Vada,Generic Medu Vada,1,2 pcs,334,11 g,3 g,--,--,0 g,0 mg,797 mg,--,43 g,1 g,1 g,14 g,1 %,4 %,10 %,79 %
Dosa,Rusingo dosa Dosa plain,1,1 cup (60gm),100,0 g,--,--,--,--,--,--,--,23 g,--,0 g,3 g,--,--,--,--
Rava Dosa,A2b Rava Dosa,1,1 piece,369,6 g,0 g,0 g,0 g,0 g,0 mg,611 mg,0 mg,70 g,0 g,0 g,9 g,0 %,0 %,0 %,0 %
Set Dosa,"Homemade Tarla Dalal Set or Sponge Dosa 5""",1,1 No,117,5.1 g,0 g,0 g,0 g,0 g,0 mg,1.5 mg,30.4 mg,15.6 g,0.8 g,0 g,2 g,1 %,0 %,1 %,1 %
Kanda Poha,24 mantra organic Kanda poha 100 GMs,1,1 cup,460,18.5 g,8 g,0 g,0 g,0 g,0 mg,0 mg,0 mg,65 g,2.8 g,8 g,8 g,0 %,0 %,0 %,6 %
Indori Poha,Poha Rice poha,1,1 cup,180,1 g,0 g,0 g,0 g,0 g,0 mg,5 mg,0 mg,38 g,2 g,5 g,4 g,--,--,0 %,1.44 %
Methi Thepla,Athavle's Methi thepla,1,1 thepla,429,20.56 g,0 g,0 g,0 g,0 g,0 mg,0 mg,0 mg,50.65 g,0 g,4.52 g,10.34 g,0 %,0 %,0 %,0 %
Paratha with curd,Classic Paratha Paratha,1,1 piece,268,10 g,3 g,--,--,--,0 mg,160 mg,--,39 g,2 g,2 g,4 g,--,--,--,--
Bread Butter,Giant Butter Bread,1,1 slice,90,1 g,0 g,0 g,0 g,0 g,0 mg,140 mg,30 mg,17 g,0.5 g,1 g,3 g,--,--,5 %,5.56 %
Bread Jam,Aozora Jam Bread,1,90 g,280,7 g,0 g,0 g,0 g,0 g,0 mg,120 mg,0 mg,48 g,0 g,28 g,5 g,0 %,0 %,0 %,0 %
Vegetable Sandwich,Delifresh Vegetable sandwich,1,1 sandwich (2 sides),133,6 g,--,--,--,--,3 mg,0.18 mg,--,16 g,3 g,--,5 g,16 %,12 %,2 %,3 %
Besan Chilla,"Homemade Besan Chilla With Tomato, Onion, Carrot",1,1 Besan Chilla,106,2 g,--,--,--,--,--,--,--,17 g,--,--,6 g,--,--,--,--
Moong Dal Chilla,Tata Sampan Moong Dal Chilla Mix,1,30 gms,108,0.63 g,--,--,--,--,--,--,--,18.69 g,--,--,6.78 g,--,--,--,--
Gulab Jamun,ghasitaram's gulab jamun,1,2 pieces,210,13 g,9 g,0 g,0 g,1 g,0 mg,0 mg,0 mg,18 g,1 g,0 g,6 g,2 %,0 %,2 %,0 %
Rasgulla,Aabadd Rasgulla,1,100 gm,223,3 g,--,--,--,--,--,--,--,45 g,--,--,3 g,--,--,--,--
Rasmalai,Indian Rasmalai,1,1 average,165,2.4 g,--,--,--,--,6.8 mg,109.7 mg,162.5 mg,33.2 g,--,--,4 g,0.9 %,1.1 %,6.2 %,0.9 %
Kheer (rice),HPB🇸🇬 Rice kheer,1,218 grams,353,13.73 g,6.65 g,--,--,--,--,137 mg,--,42.95 g,3.05 g,--,14.17 g,--,--,--,--
Seviyan Kheer,Homemade Seviyan (Vermecilli Dessert),1,133 g,689,25.9 g,15.7 g,--,--,--,64 mg,8.3 mg,--,108.9 g,3.3 g,57 g,9.2 g,--,--,--,--
Phirni,Could not find matching food layout
Gajar Halwa,taaza gajar halwa,1,40 g,160,8.7 g,2.9 g,0 g,0 g,0 g,0 mg,0.07 mg,0 mg,14 g,0 g,0 g,3.2 g,0 %,0 %,0 %,0 %
Moong Dal Halwa,Precia Rajasthani Moong Dal Halwa,1,100 g,480,26.1 g,6.4 g,--,--,0 g,60 mg,14 mg,--,43.3 g,1.5 g,32.4 g,18 g,--,--,--,--
Besan Ladoo,Lal Besan Ladoo,1,100 gm,484,22.7 g,0 g,0 g,0 g,0 g,0 mg,0 mg,0 mg,62.94 g,0 g,1.52 g,7 g,0 %,0 %,0 %,0 %
Motichoor Ladoo,Sdsds Motichoor Ladoo,1,100 g,360,12 g,8 g,2 g,2 g,10 g,60 mg,100 mg,100 mg,60 g,1 g,40 g,2 g,--,--,--,--
Rava Ladoo,Ladoo Methi Ladoo,1,100 mg,451,22.5 g,--,--,--,--,--,--,--,57.1 g,--,--,8.2 g,--,--,--,--
Coconut Ladoo,Ladoo Methi Ladoo,1,100 mg,451,22.5 g,--,--,--,--,--,--,--,57.1 g,--,--,8.2 g,--,--,--,--
Barfi (kaju),brar's kaju pista roll barfi,1,3 rolls,195,0 g,0 g,0 g,0 g,0 g,0 mg,0 mg,0 mg,0 g,0 g,0 g,0 g,0 %,0 %,0 %,0 %
Peda,sanchi peda sanchi peda,1,1 piece,424,20.7 g,9 g,6 g,0 g,0 g,0.03 mg,0.12 mg,0.23 mg,45 g,0 g,0 g,14 g,"1,482 %",0 %,0.17 %,0 %
Mysore Pak,MTR Mysore Pak,1,100 pieces,553,36.5 g,12 g,--,--,0 g,5 mg,3 mg,--,52.7 g,--,38.2 g,3.3 g,--,--,--,--
Soan Papdi,Haldiram's Soan Papdi,1,1 cup,160,8 g,3 g,--,--,0 g,0 mg,0 mg,218.7 mg,20 g,0 g,15 g,2 g,--,--,0.75 %,3.33 %
Imarti,Could not find matching food layout
Malpua,Could not find matching food layout
Rabri,rabri milk milk,1,500 ml,211,1.8 g,1.2 g,--,--,--,--,--,--,43 g,0.4 g,43 g,8.6 g,--,--,--,--
Shrikhand,Shridhi Shrikhand,1,100 gram,245,5 g,--,--,--,--,--,--,--,44.73 g,--,--,5.3 g,--,--,--,--
Basundi,Basundi(sangam) Sangam,1,100 gm,253,12 g,8.1 g,--,--,--,--,--,--,29 g,--,20 g,7.4 g,--,--,--,--
Kulfi,Grameen Kulfi Chocolate Kulfi,1,72 gram,231,12.41 g,7.31 g,--,--,0 g,--,--,--,24.4 g,--,16.99 g,5.29 g,--,--,--,--
Modak,Daadi’s Kaju Modak,1,18.5 g,83,3.5 g,0.6 g,--,--,--,--,1.4 mg,--,10.5 g,0.4 g,4.6 g,2.3 g,--,--,--,--
Halwa (atta),Golden Halwa Golden Halwa,1,2 Slices,201,7 g,3.9 g,--,--,--,--,1.5 mg,--,34.4 g,1.02 g,18.2 g,1.2 g,--,--,--,--
Masala Chai,Quik Tea Masala Chai,1,1 pouch,95,2 g,1 g,--,--,0 g,6 mg,9 mg,--,14 g,0 g,11 g,2 g,--,--,10 %,0 %
Lassi (sweet),Dosa Sweet Lassi,1,4 oz,180,1.5 g,0 g,0 g,0 g,1 g,5 mg,65 mg,0 mg,38 g,0 g,37 g,5 g,0 %,35 %,15 %,2 %
Lassi (salted),MC dairy Salt Lassi,1,1 cup,100,4 g,2.5 g,0 g,0 g,0.1 g,20 mg,580 mg,0 mg,10 g,0 g,9 g,4 g,4 %,2 %,20 %,0 %
Buttermilk (chaas),Chaas Chaas,1,100 g,24,0.6 g,0 g,0 g,0 g,0 g,0 mg,0 mg,0 mg,2.8 g,0 g,0 g,1.8 g,0 %,0 %,0 %,0 %
Lemon Water (nimbu pani),Jalani Nimbu Pani,1,5 g,8,--,--,--,--,--,--,300 mg,--,2 g,--,1 g,--,--,--,--,--
Drumstick leaves (moringa),Generic Cooked Moringa Leaves,1,1 cup cooked,25,1 g,0 g,0 g,--,--,--,--,--,4.68 g,4.68 g,0.42 g,2.21 g,6 %,22 %,6 %,5 %
Colocasia leaves (arbi patta),Patta Coconut Chips,1,0.5 pack,120,8 g,7 g,--,--,0 g,0 mg,70 mg,--,11 g,2 g,9 g,0.5 g,--,--,0 %,0 %
Bathua,Could not find matching food layout
Red spinach,Trader Joes Red Spinach,1,3 oz.,30,0 g,0 g,0 g,0 g,0 g,0 mg,370 mg,0 mg,3 g,2 g,0 g,2 g,50 %,0 %,4 %,4 %
Mustard greens (sarson),Sarson ka saag mustard leaves in curry sauce,1,100 gram,30,0.3 g,0.1 g,--,--,--,--,--,--,5.1 g,3.65 g,0 g,1.53 g,--,--,--,--
Dill leaves (suva),slanina Suva,1,100 g,371,30.89 g,12.7 g,--,--,--,--,--,--,0.14 g,--,--,23.5 g,--,--,--,--
Lotus stem (kamal kakdi),kamal daliya,1,100 gram,359,0.92 g,--,--,--,--,--,--,--,74.81 g,--,--,12.99 g,--,--,--,--
Banana flower,Generic Banana Flower Fry,1,0.75 cup,160,--,--,--,--,--,--,--,--,--,--,--,--,--,--,--,--
Banana stem,Kroger Pieces & Stems,1,1 can drained,20,0 g,0 g,--,--,0 g,0 mg,20 mg,94 mg,2 g,2 g,0 g,2 g,--,--,0 %,2 %
Raw jackfruit,"Nuttab Jackfruit, Peeled, Raw",1,100 g,83,0.3 g,0 g,0 g,0 g,0 g,0 mg,350 mg,3 mg,16.7 g,3 g,16.3 g,2.2 g,--,--,--,--
Ivy gourd (tindora),Home Made Ivy Gourd (Tindora) Subzi Dry,1,1 cup,100,6 g,--,--,--,--,--,500 mg,--,9 g,2 g,--,1 g,0 %,0 %,0 %,4 %
Cluster beans (gawar),Ravi Cluster Beans,1,130 gram,78,0.52 g,--,--,--,--,--,4 mg,--,14 g,4 g,--,4 g,2 %,109 %,18 %,8 %
Snake gourd,Generic Indian Snake Gourd - Raw,1,1 c (300 g),100,1.5 g,--,--,--,--,--,15 mg,--,10 g,2 g,0 g,1.5 g,--,--,--,--
Ash gourd,Bhikharam Chandmal Bikaneri Dry Petha Ash Gourd Swatched in Sugar,1,1.05 oz,348,1.06 g,0.5 g,0 g,0.5 g,0 g,0 mg,30 mg,--,80 g,2 g,71 g,4.7 g,--,--,--,--
Elephant yam (suran),Kitchen Xpress Suran Yam(Dices),1,0.666667 cup (85gm),110,0 g,--,--,--,--,--,9 mg,722 mg,25 g,--,1 g,2 g,--,--,2 %,5 %
Kohlrabi (ganth gobi),rahm kohlrabi kohlrabi,1,100 gr,65,2.3 g,0.8 g,--,--,--,--,--,--,4.5 g,--,--,5.9 g,--,--,--,--
Turnip (shalgam),Turnip Greens,1,"1 cup, chopped",29,0.33 g,0.08 g,0.13 g,0.02 g,0 g,0 mg,41.76 mg,292.32 mg,6.28 g,5.04 g,0.76 g,1.64 g,219.6 %,65.76 %,19.73 %,6.4 %
Zucchini (modern Indian cooking),Modern Maven Zucchini Corn Chowder,1,1 cup,193,7.13 g,4 g,0.96 g,2.17 g,--,25 mg,553 mg,781 mg,24.85 g,4 g,7.16 g,9.07 g,112 %,30 %,12 %,9 %
Cherry tomatoes,Cherry tomato,1,1 tomato,3,0.053 g,0.005 g,0.014 g,0.005 g,0 g,0 mg,0.68 mg,38.42 mg,0.483 g,0.204 g,0.447 g,0.139 g,0.362 %,4.617 %,0.17 %,0.207 %
Baby corn,baby corn ASDA Baby corn,1,100 Gram,37,0.5 g,0.1 g,--,--,--,--,--,--,4.4 g,--,--,2.8 g,--,--,--,--
Undhiyu,Vadilal quick treat Undhiyu,1,142 g,231,10 g,3 g,0 g,0 g,0 g,0 mg,751 mg,0 mg,33 g,0 g,0 g,3 g,0 %,6 %,11 %,21 %
Surti Undhiyu,Deep Surti Papdi,1,1 cup,70,0 g,0 g,--,--,0 g,0 mg,0 mg,--,11 g,3 g,0 g,7 g,--,--,5.2 %,2 %
Dal Baati,Dal,1,1 cup,348,10.344 g,6.024 g,0.744 g,2.88 g,--,24 mg,741.6 mg,844.8 mg,46.008 g,18 g,4.104 g,20.64 g,--,--,--,--
Churma,Could not find matching food layout
Litti Chokha,Litty Crispy cake with onions,1,1 wrap,345,19 g,--,--,--,--,--,--,--,38.4 g,--,--,5.6 g,--,--,--,--
Sarson ka Saag,Natco Sarson Ka Saag,1,100 gram,82,7.4 g,3.5 g,0 g,0 g,0 g,0 mg,1 mg,0 mg,1.8 g,4.5 g,0 g,2.2 g,0 %,0 %,0 %,0 %
Makki di Roti combo,FWN Makki roti (FWN),1,40 gram,91,3.6 g,--,--,--,--,--,--,--,13.7 g,1.5 g,--,1.3 g,--,--,--,--
Avial,Company's Coming Avial,1,0.5 cup cooked,160,6.8 g,--,--,--,--,--,--,--,--,3 g,--,4 g,--,--,--,--
Olan,Hayat Doğal Mineralli water Ambalajına göre değişiyor ( en kalorisi olan duffy duck),1,"1 ,33 l",1,0 g,0 g,0 g,0 g,0 g,0 mg,2.2 mg,0.2 mg,0 g,0 g,0 g,0 g,0 %,0 %,0 %,3 %
Kootu,kathrikkai puli kootu kathrikai puli kootu,1,1 cup,150,7 g,1 g,6 g,--,--,--,300 mg,400 mg,20 g,5 g,5 g,3 g,300 %,20 %,40 %,1 %
Pesarattu,Generic Pesarattu Onion,1,1 piece,173,1 g,--,--,--,--,--,543 mg,--,29 g,3 g,--,12 g,--,--,7.8 %,11 %
Adai,Homemade White Adai,1,"1 piece (1/10 of 1-layer, 8"" or 9"" dia)",120,6.8 g,1 g,2.8 g,2.7 g,--,0 mg,0 mg,12.1 mg,13.4 g,--,--,1.1 g,0 %,0 %,0 %,3.8 %
Pongal (sweet),triguni pongal,1,1 container,350,6.7 g,2.9 g,0.8 g,0 g,0 g,5.3 mg,360 mg,0 mg,17.6 g,1.5 g,0 g,3.3 g,0 %,0 %,0 %,0 %
Pulissery,Could not find matching food layout
Theeyal,Could not find matching food layout
Kadala Curry,Daily Delights Puttu With Kadala Curry (Brown),1,113.5 g,220,1 g,0 g,--,--,0 g,0 mg,230 mg,--,35 g,12 g,2 g,18 g,4 %,12 %,2 %,2 %
Appam with stew,Saravana Appam Batter,1,100 gram,176,0.7 g,0.2 g,--,--,--,--,136 mg,--,34.8 g,1.3 g,0.07 g,3.3 g,--,--,--,--
Vegetable Stew (Kerala),Kerala Curry Vegetable Biryani,1,1 cup,110,4 g,1.5 g,--,--,0 g,0 mg,370 mg,--,18 g,3 g,3 g,3 g,45 %,45 %,4 %,6 %
Patra,Saral Patra,1,100 grams,200,7 g,3 g,--,--,0 g,--,460 mg,180 mg,28 g,3 g,5 g,7 g,--,--,10 %,24 %
Muthiya,Talod Muthiya (Roll) Instant Mix,1,110 gram,393,1.87 g,0.42 g,1.03 g,0.42 g,0 g,0 mg,171.92 mg,10 mg,82.39 g,2.02 g,20.64 g,11.63 g,0 %,4 %,9 %,6 %
Khandvi,Could not find matching food layout
Sev Tameta,Mirch Masala Sev Sev,1,30 gms,170,12 g,--,--,--,--,--,--,--,13 g,--,--,3 g,--,--,--,--
Gujarati Kadhi,Ganesh Chutney Kadhi Mix Gujarati Curry,1,1 cup,130,5 g,2 g,--,--,--,0 mg,600 mg,--,16 g,5 g,8 g,5 g,--,--,4 %,4 %
Handvo (baked),Satvam Handvo,1,0.5 cup,333,1 g,--,--,--,--,--,"1,184 mg",--,71 g,4 g,2 g,10 g,--,4 %,5 %,9 %
Dal Dhokli,Gnx Dal_dal Dhokli,1,1 cup cooked,302,9 g,--,--,--,--,--,--,--,33 g,--,--,23 g,--,--,--,--
Khichu,Could not find matching food layout
Bajra Khichdi,Bajra roti Roti Bajra,1,100 gms,378,4.2 g,--,--,--,--,--,--,--,73 g,--,--,11 g,--,--,--,--
Rajasthani Gatte ki Sabzi,Homemade Ghiya Ki Sabzi,1,1 Cup,81,2.1 g,0.3 g,--,--,--,--,300 mg,--,14.6 g,2.4 g,1.7 g,2.1 g,4 %,43 %,7 %,7 %
Ker Sangri,Alpro Kers,1,100 gram,75,2 g,0.4 g,0 g,0 g,0 g,0 mg,0 mg,0 mg,9.4 g,1 g,9.2 g,3.7 g,0 %,0 %,0 %,0 %
Papad ki Sabzi,Kohinoor Aloo Ki Sabzi,1,0.333 pack (100g),84,3 g,0 g,0 g,--,--,0 mg,261 mg,--,13 g,3 g,0 g,1 g,0 %,2 %,4 %,2 %
Tamatar Chutney curry,Aloo Tamatar Sabzi,1,0.5 cup,305,9.22 g,1.43 g,5.16 g,2.48 g,0 g,0 mg,798 mg,"1,163 mg",49.04 g,7.3 g,6.24 g,8.22 g,14 %,92 %,5 %,14 %
Aloo Pitika (Assam),Aloo Naan,1,1 piece,300,10.61 g,4.65 g,2.03 g,3.07 g,0.03 g,0.79 mg,369.56 mg,315.81 mg,45.53 g,8.72 g,4.24 g,6.13 g,4.98 %,54.02 %,2.79 %,10.26 %
Eromba (veg Manipuri),Health Binge Veg Veg and More Veg,1,1 meal,235,13 g,--,--,--,--,7 mg,170 mg,--,24 g,7 g,6 g,9 g,--,--,--,--
Bamboo shoot curry,Sour Bamboo Shoot Bamboo shoots,1,0.5 cup,15,0 g,0 g,0 g,0 g,0 g,10 mg,45 mg,0 mg,2 g,0 g,0 g,2 g,0 %,0 %,2 %,2 %
Black rice khichdi,Triple Diamond Khichdi Rice,1,100 gm,341,0.6 g,--,--,--,--,--,--,--,76 g,--,--,7.4 g,--,--,--,--
Thukpa (veg Indian version),soupy noodles Thukpa,1,60 gram,321,13.23 g,6.37 g,--,--,0 g,0 mg,352.4 mg,--,42.97 g,--,--,7.5 g,--,--,--,--
Momos chutney combo,Momo Chicken momo,1,1 container,336,7.92 g,--,--,--,--,--,"1,305 mg",--,28.68 g,--,--,34.65 g,--,--,--,--
Chowmein (Indian street),The Chopped Leaf Chowmein,1,1 Serving,140,1 g,0 g,--,--,0 g,--,210 mg,--,29 g,0 g,0 g,5 g,--,--,--,--
Veg Manchurian (gravy),China's Secret Veg Manchurian Miracle Masala,1,3 tsp,10,0 g,0 g,0 g,0 g,0 g,0 mg,275 mg,0 mg,2 g,0 g,0 g,0 g,0 %,0 %,0 %,0 %
Hakka Noodles,venus Hakka noodles,1,100 gram,445,5.5 g,0.1 g,0.2 g,0.1 g,0 g,84 mg,21 mg,0 mg,85 g,3 g,3 g,14 g,0 %,0 %,0 %,1.2 %
Khakhra,Khakhra Garlic khakhra,1,85 gm (1 piece),85,3 g,2 g,--,--,--,--,123 mg,--,11 g,2 g,1 g,2 g,--,--,--,--
Thepla chips,Greek Thepla,1,1 piece,299,15.8 g,2 g,--,--,--,--,611 mg,0.1 mg,35.2 g,7.3 g,--,7.5 g,4 %,17.8 %,9 %,2.5 %
Chakli / Murukku,Maiyas Chakli,1,100 gram,505,28.1 g,14.2 g,0 g,0 g,0 g,0 mg,613 mg,0 mg,56.3 g,0 g,0 g,6.6 g,0 %,0 %,0 %,0 %
Mathri,Haldiram's Mathri (Harneet),1,7 grams,38,2.4 g,0.46 g,--,--,0 g,0 mg,55 mg,--,4 g,0.09 g,0.14 g,0.28 g,--,--,--,--
Namak para,Delight Namak Para,1,40 g,100,1 g,0 g,--,--,0 g,0 mg,270 mg,--,4 g,1 g,0 g,3 g,--,--,--,8 %
Shakar para,A-one Shakar para gur,1,13 pieces/1oz,110,6 g,0.5 g,--,--,--,--,--,--,13 g,--,--,1 g,--,--,--,--
Sev,Reliance Sev,1,1 gram,569,37.97 g,--,--,--,--,--,--,--,42.94 g,--,0 g,13.96 g,--,--,--,--
Ratlami sev,Haldiram Ratlami Sev,1,35 gram,190,12 g,5 g,--,--,0 g,0 mg,250 mg,190.9 mg,16 g,3 g,1 g,4 g,3 %,--,3 %,7 %
Aloo bhujia,Haldirams Aloo Bhujia,1,1 cup (35 g),230,18 g,3.5 g,--,--,0 g,0 mg,230 mg,--,14 g,7 g,0 g,2 g,0 %,0 %,0 %,0 %
Mixture namkeen,protien chef mixture namkeen namkeen,1,1 gram,6,0.48 g,--,--,--,--,--,--,--,0.19 g,--,--,0.28 g,--,--,--,--
Chivda,shah chivda,1,100 gram,346,1.2 g,0.45 g,--,--,0 g,0 mg,10.9 mg,154 mg,77.3 g,0.71 g,1.5 g,6.6 g,--,--,20 %,20 %
Poha chivda,Sabudana chivda sabudana chivda,1,28 gram,151,8 g,3 g,--,--,--,--,41 mg,31 mg,18 g,1 g,3 g,4 g,--,--,3 %,0.1 %
Banana chips,Nice! Banana Chips,1,0.5 cup,160,10 g,9 g,--,--,0 g,0 mg,0 mg,--,18 g,2 g,11 g,1 g,--,--,--,--
Tapioca chips,Jaambu Kerala tapioca chips Tapioca chips,1,50 g,154,1 g,1 g,--,--,--,--,20 mg,196 mg,35 g,5 g,2 g,2 g,--,--,4 %,23 %
Corn chivda,Khamang Corn Flakes Chivda,1,100 g,595,44.5 g,25.46 g,2.58 g,6.85 g,0 g,0 mg,7.9 mg,--,38.03 g,2.09 g,19.9 g,12.83 g,--,--,--,--
Roasted chana,Babaji Chana Roasted Chana,1,100 gram,446,18 g,4 g,9 g,5 g,0 g,0 mg,992 mg,0 mg,56 g,9.6 g,1 g,15 g,0 %,0 %,0 %,0 %
Masala peanuts,Rose Masala Peanuts,1,100 gram,599,41 g,0 g,0 g,0 g,0 g,0 mg,63.13 mg,0 mg,29.79 g,3.5 g,0 g,20.1 g,0 %,0 %,0 %,0 %
Sing bhujia,Atul bakery Sing bhujia,1,50 g,297,21 g,4 g,--,--,--,--,10 mg,--,15 g,2 g,1 g,11 g,--,--,--,--
Dry fruit mix,winco mixed dry fruit,1,0.25 cup,130,0 g,0 g,0 g,0 g,0 g,0 mg,40 mg,4 mg,33 g,1 g,27 g,1 g,0 %,0 %,2 %,6 %
Energy laddoo,haldiram laddoo,1,100 gram,506,23 g,15 g,--,--,--,--,--,--,63 g,--,26 g,9.4 g,--,--,--,--
Til chikki,Laziz Til (Sesame) Chikki,1,100 grams,486,21.2 g,3.5 g,0 g,0 g,0 g,0 mg,31 mg,0 mg,61 g,1.3 g,54.1 g,12.9 g,0 %,11 %,4 %,13 %
Peanut chikki,Chikki stick Peanut chikki,1,1 bar,"1,040",56 g,0 g,0 g,0 g,0 g,0 mg,0 mg,0 mg,100 g,0 g,0 g,24 g,0 %,0 %,0 %,0 %
Rajgira laddoo,rajgira ladu rajgira and jaggery,1,100 gram,404,0 g,--,--,--,--,--,--,--,86 g,--,38 g,7 g,--,--,--,--
Sabudana papad,Sabudana Khichdi,1,183.96 gramm,262,10.88 g,1.27 g,2.04 g,6.6 g,0.04 g,0 mg,256.45 mg,403.13 mg,38.38 g,2.63 g,2.94 g,4.55 g,0.71 %,14.12 %,2.68 %,8.04 %
Fryums,Anand Fryums,1,23 g,101,1 g,0 g,0 g,0 g,0 g,0 mg,57 mg,0 mg,23 g,0 g,0 g,3 g,0 %,0 %,1 %,0 %
Bread toast butter,Bunny Bread Toast and Butter,1,2 slices,220,11.5 g,3 g,0.5 g,--,--,10 mg,335 mg,--,23 g,1 g,3 g,4 g,--,--,6 %,8 %
Bun maska,Mr puff maska bun,1,100 gram,311,5 g,--,--,--,--,--,--,--,57.4 g,--,28.36 g,9.1 g,--,--,--,--
Veg burger (Indian style),Homemade Indian Style Lamb Burgers With Tofu,1,1 burger,170,11.63 g,4.57 g,1.45 g,4.65 g,--,49.22 mg,200.09 mg,152.38 mg,6.29 g,0.64 g,0.7 g,9.85 g,0.8 %,1 %,9 %,8 %
Cheese sandwich,Sandwich Cheese sandwich,1,1 sandwich,327,14.5 g,0 g,0 g,0 g,0 g,0 mg,0 mg,0 mg,34.5 g,0 g,0 g,13.5 g,0 %,0 %,0 %,0 %
Paneer sandwich,Generic Paneer Toasted Sandwich,1,1 sandwich,521,25.76 g,0.73 g,2.7 g,1.07 g,--,50 mg,343 mg,288 mg,48.48 g,5.6 g,3.54 g,3.54 g,--,--,--,--
Toast sandwich,"D'Angelo Grilled Sandwiches Medium Toasted Hot Sandwiches, Thanksgiving Toasted",1,1 Serving,680,30 g,7 g,--,--,0 g,145 mg,780 mg,--,46 g,1 g,18 g,54 g,--,--,--,--
Club sandwich (veg),Gadoua Sandwich Club,1,2 slices,180,2 g,0.5 g,--,--,0 g,0 mg,340 mg,--,33 g,1 g,3 g,7 g,--,--,6 %,15 %
Frankie roll,Frankies Skinless Frankfurters,1,1 link,150,14 g,5 g,--,--,0 g,35 mg,460 mg,--,0 g,0 g,0 g,8 g,--,--,0 %,4 %
Aloo roll,Vadilal Aloo Tikki Khati Roll,1,1 roll,155,9 g,4 g,--,--,0 g,3 mg,487 mg,--,15 g,2 g,4 g,2.5 g,--,--,2 %,4 %
Paneer roll,Eat.fit Paneer Roll,1,1 container,580,23 g,--,--,--,--,--,--,--,69 g,14 g,--,23 g,--,--,--,--
Cheese balls,Brim's Cheese Balls,1,1 oz,150,10 g,1.5 g,--,--,0 g,0 mg,250 mg,--,14 g,0 g,2 g,1 g,--,--,2.6 %,0 %
Veg nuggets,sadia nuggets veg,1,3 unidades,180,9.1 g,0 g,--,--,0.8 g,--,384 mg,--,17 g,0.8 g,--,10 g,--,--,--,--
Potato wedges,Potato Wedges Potato Wedges,1,100 gr,140,5 g,0 g,0 g,4 g,0 g,0 mg,50 mg,0 mg,20 g,2 g,0 g,2 g,0 %,0 %,0 %,0 %
Masala fries,Mccain Masala Fries,1,100 g,186,8.01 g,3.63 g,1.93 g,2.45 g,--,0 mg,--,--,23.57 g,--,0.59 g,4.79 g,--,--,--,--
Cheese corn balls,Cheese Balls,1,1 cup,151,9.66 g,1.49 g,5.04 g,2.82 g,0.22 g,1.08 mg,241.92 mg,53.19 mg,14.61 g,0.59 g,0.75 g,1.56 g,0 %,0 %,1.57 %,1.65 %
Kalakand,sudha kalakand,1,100 gram,412,17.1 g,0 g,0 g,0 g,0 g,0 mg,0 mg,0 mg,51.3 g,0 g,34 g,12.9 g,0 %,0 %,0 %,0 %
Milk Cake,Verka Milk cake,1,200 gram,370,18 g,11.52 g,0 g,0 g,0 g,43 mg,0 mg,0 mg,41.3 g,0 g,20 g,10.8 g,0 %,0 %,0 %,0 %
Cham Cham,Indian Mithai White Cham Cham,1,1 COOKED,175,--,2 g,--,--,26 g,10 mg,5 mg,--,--,--,101 g,1 g,100 %,0 %,660 %,6 %
Sandesh,Deshi Chanar Sandesh Kacha Chana,1,1 piece,314,19 g,5 g,0 g,0 g,0 g,10 mg,5 mg,0 mg,5 g,0 g,24 g,7 g,4 %,0 %,4 %,6 %
Kaju Katli,Haldiram’s Kaju Katli,1,1 pc,90,4 g,1 g,0 g,0 g,0 g,0 mg,1 mg,0 mg,11 g,0 g,9 g,2 g,0 %,0 %,0 %,0 %
Anarsa,Could not find matching food layout
Puran Poli,Indian Puran Poli -2,1,1 piece,240,--,--,--,--,--,--,--,--,--,--,--,--,--,--,--,--
Obbattu (holige),Could not find matching food layout
Shakarpara sweet,Elite Sweets Sweet at 7,1,3 wafers,150,8 g,3.5 g,--,--,0 g,2.5 mg,15 mg,0 mg,18 g,--,15 g,2 g,--,--,0 %,0 %
Til ladoo,National Til (Sesame) Ladoo,1,100 gms,565,45 g,35.5 g,5 g,4.5 g,--,5 mg,0 mg,--,25 g,1.2 g,27 g,19 g,4.2 %,0 %,3.5 %,2.5 %
Gond ladoo,Coconut ladoo Ladoo,1,1 no,423,24.33 g,--,--,--,--,--,--,--,53.74 g,6.15 g,--,2.63 g,--,--,--,--
Dry fruit barfi,Coconut Barfi Barfi,1,1 p,350,0 g,--,--,--,--,--,--,--,80 g,--,--,4.5 g,--,--,--,--
Chocolate barfi,(Jhs) Barfi,1,1 slice (50g),270,16.7 g,--,--,--,--,--,--,--,27.5 g,--,--,2.6 g,--,--,--,--
Coconut barfi,Epic (Black Dragon) Coconut Barfi,1,1 each,165,11 g,0 g,0 g,0 g,0 g,0 mg,0 mg,0 mg,16 g,1 g,0 g,3 g,0 %,0 %,0 %,0 %
Apple halwa,Brot Halwa,1,165.33 gramm,341,14.49 g,7.68 g,1.32 g,4.65 g,0.01 g,31.93 mg,247.08 mg,238.9 mg,47.28 g,1.23 g,25.55 g,7.07 g,9.65 %,1.71 %,17.26 %,9.2 %
Lauki halwa,Bread Halwa,1,1 Serving,341,14.49 g,7.68 g,1.32 g,4.65 g,0.01 g,31.93 mg,247.08 mg,238.9 mg,47.28 g,1.23 g,25.55 g,7.07 g,9.65 %,1.71 %,17.26 %,9.2 %
Pumpkin halwa,halwa craft halwa,1,1 gram,452,32.9 g,9 g,--,--,--,--,--,--,26.5 g,6.1 g,19.1 g,12.5 g,--,--,--,--
Carrot kheer,Radhuni kheer mix Kheer mix,1,25 g,105,1 g,0 g,--,--,0 g,0 mg,71 mg,22 mg,22 g,0 g,16 g,2 g,--,--,0 %,--
Sabudana kheer,Sabudana Grain Market Sabudana,1,40 grams,140,0 g,0 g,--,--,0 g,0 mg,5 mg,310 mg,34 g,0 g,--,0 g,--,--,--,--
Rice payasam,fair Semiya Payasam,1,25 g,182,0.03 g,--,--,--,--,--,--,--,43.5 g,0.02 g,--,1.8 g,--,--,0.5 %,0.2 %
Ada payasam,Ambika Payasam mix,1,100 gram,400,4 g,0.3 g,--,--,--,--,--,--,86 g,--,56 g,5 g,--,--,--,--
Pineapple sheera,Bowl Ful Moong Dal Sheera,1,1 packet,881,59 g,36 g,--,--,0 g,107 mg,11 mg,815 mg,71 g,12 g,53 g,17 g,34 %,0 %,34 %,25 %
Mango shrikhand,Surati Shrikhand Mango,1,125 mL (1/2 cup),410,12 g,8 g,--,--,0 g,20 mg,105 mg,--,70 g,4 g,59 g,6 g,8 %,0 %,15 %,2 %
Fruit custard,Homemade (Sujay) Fruit Custard,1,236.6 g,128,3.7 g,2.3 g,--,--,0 g,14 mg,73 mg,383 mg,18.5 g,1.2 g,16.4 g,6.3 g,8 %,13 %,22 %,1 %
Jelly custard,Bingo Egg custard jelly,1,1 cup,62,0 g,0 g,0 g,--,--,0 mg,--,--,15 g,--,--,0 g,--,--,0 %,--
Ice cream (Indian flavors),Vadilal Alphonso Mango Ice Cream Indian Ice Cream,1,1 cone,246,14 g,10 g,--,--,0 g,14 mg,48 mg,--,27 g,--,16 g,3 g,--,--,--,--
Falooda,Faluda Falooda,1,1 glass,300,--,--,--,--,--,--,--,--,--,--,--,--,--,--,--,--
Kulfi falooda,Desi's Choice Falooda Kulfi,1,1 Bar (75 ml),230,19 g,16 g,0 g,0 g,0.5 g,15 mg,55 mg,0 mg,12 g,0 g,10 g,2 g,6 %,15 %,6 %,2 %
Rabdi jalebi combo,Anand Jalebi,1,100 gm,300,4.3 g,--,--,--,--,--,--,--,62 g,--,--,4.1 g,--,--,--,--
Ghewar,Could not find matching food layout
Balushahi,Could not find matching food layout
Sooji halwa,Deep Sooji,1,0.25 cup,173,1 g,0 g,--,--,0 g,0 mg,10 mg,--,36 g,1 g,0 g,5 g,--,--,0 %,10 %
Besan halwa,bombay halwa bombay halwa,1,1 piece,445,13.89 g,3.97 g,3.56 g,12.21 g,0 g,0 mg,0 mg,0 mg,37 g,0 g,0 g,6.5 g,0 %,0 %,0 %,0 %
Atta halwa,Golden Halwa Golden Halwa,1,2 Slices,201,7 g,3.9 g,--,--,--,--,1.5 mg,--,34.4 g,1.02 g,18.2 g,1.2 g,--,--,--,--
Mohanthal,Could not find matching food layout
Mysore pak (soft),MTR Mysore Pak,1,100 pieces,553,36.5 g,12 g,--,--,0 g,5 mg,3 mg,--,52.7 g,--,38.2 g,3.3 g,--,--,--,--
Badam halwa,nandini badam halwa badam halw,1,100 gram,574,48.9 g,23 g,--,--,0.6 g,--,--,--,26.3 g,--,21 g,7.2 g,--,--,0.21 %,--
Kesar peda,Kesar Peda Indian sweets,1,1 piece,49,1 g,0 g,0 g,0 g,0 g,0 mg,0 mg,0 mg,10 g,0 g,0 g,1 g,0 %,0 %,0 %,0 %
Malai sandwich,Young Sandwich filler Malai Boti,1,1 portion,99,6.3 g,2.9 g,--,--,0 g,0 mg,254 mg,--,2.6 g,0 g,1.5 g,8 g,--,--,--,--
Jal Jeera,Jal Jeera Powder (KM Pharma) (100 g) Jal Jeera Powder,1,100 gram,196,5.4 g,--,--,--,--,--,"19,724 mg",--,31.23 g,3.64 g,--,5.52 g,--,--,--,--
Aam Panna,Haldiram’s AAM PANNA,1,200 ml,32,0 g,--,--,--,--,--,--,--,8 g,--,7 g,0 g,--,--,--,--
Kokum Sharbat,Naurus Sharbat,1,35 ml,128,0 g,--,--,--,--,0 mg,25 mg,--,32 g,--,32 g,0 g,--,--,--,--
Sugarcane Juice,Storia Sugarcane juice,1,100 ml,70,0 g,0 g,--,--,--,--,121 mg,--,17.5 g,--,17.15 g,0.1 g,--,--,--,--
Fresh Lime Soda,Double Vodka Fresh Lime Soda,1,1 glass,131,--,--,--,--,--,--,--,--,--,--,--,--,--,--,--,--
Rose Milk,barakat rose milk ramadan milk with rose water.,1,330 ml,390,4 g,2 g,--,--,--,--,--,--,21 g,--,--,3 g,--,--,--,--
Badam Milk,MTR Badam Milk,1,1 Can,180,7.2 g,0 g,0 g,0 g,0 g,0 mg,117 mg,0 mg,25.2 g,0 g,16.2 g,5.4 g,0 %,0 %,0 %,0 %
Turmeric Milk,Turmeric Turmeric Powder,1,10 grams,35,1 g,--,--,--,--,0 mg,3.8 mg,252.5 mg,6.5 g,2.1 g,--,0.8 g,0 %,43 %,18 %,517 %
Filter Coffee,Lavazza Filter Coffee,1,1 Mug (200ml),8,0 g,0 g,0 g,0 g,0 g,0 mg,0 mg,--,0 g,0 g,0 g,0 g,--,--,--,--
Cold Coffee,Cavins Cold Coffee Cold coffee,1,180 ml,111,4 g,--,--,--,--,--,--,--,15.8 g,--,--,3 g,--,--,--,--
Iced Tea,Brisk Sweet Tea Iced Tea,1,12 fl oz,60,0 g,--,--,--,--,--,110 mg,40 mg,17 g,--,17 g,0 g,--,--,--,--
Masala Soda,campa zeera masala soda,1,100 gm,60,0 g,0 g,0 g,0 g,0 g,0 mg,0 mg,0 mg,9 g,0 g,9 g,0.4 g,0 %,0 %,0 %,0 %
Thandai,nic thandai,1,100 ml,257,11.8 g,5 g,--,--,--,--,--,--,31.9 g,--,--,5.8 g,--,--,--,--
Sattu Drink,sattu channa sattu,1,50 gram,206,3.5 g,--,--,--,--,--,--,--,30 g,--,--,12 g,--,--,--,--
Buttermilk masala,the Buttermilk Company Chana Masala,1,6 oz,344,22 g,0.3 g,--,--,0 g,0 mg,747 mg,--,33 g,8.3 g,8.5 g,8.2 g,--,--,--,20 %
Fruit Juice (mixed),"Fruit 66 Fruit Juice, Mixed Berry",1,1 can,118,0 g,--,--,--,--,--,10 mg,--,28 g,--,28 g,0 g,--,--,10 %,--
Mango Shake,Storia Mango shake,1,100 ml,156,4.8 g,2.7 g,0 g,0 g,0 g,0 mg,0 mg,0 mg,25.8 g,0 g,8.8 g,2.5 g,0 %,0 %,0 %,0 %
Banana Shake,banana shake,1,1 gram,90,0 g,0 g,0 g,0 g,0 g,0 mg,0 mg,0 mg,23 g,0 g,0 g,1.1 g,0 %,0 %,0 %,0 %
Strawberry Shake,Shakeology Strawberry Shake,1,1 scoop,140,2 g,--,1 g,0 g,--,5 mg,170 mg,--,14 g,4 g,7 g,17 g,--,--,25 %,5.56 %
Chocolate Milkshake,Chocolate milkshake,1,1 milkshake (10 fl oz),336,17.192 g,10.416 g,0.616 g,4.592 g,--,56 mg,145.6 mg,523.6 mg,37.8 g,1.4 g,35.28 g,9.716 g,--,1.4 %,33.04 %,5.432 %
Green Tea,Bigelow Teas Green Tea,1,1 cup,2,0 g,0 g,--,--,--,0 mg,2.45 mg,19.6 mg,0 g,0 g,0 g,0.54 g,--,--,0 %,0.28 %
Herbal Tea,Versana Herbal Tea,1,1 tea bag,0,0 g,--,--,--,--,--,0 mg,--,0 g,--,0 g,0 g,--,--,--,--
Yippee Noodles,Yippee Noodles Instant Noodles,1,1 gram,330,14 g,8 g,--,--,0.1 g,0 mg,920 mg,--,46 g,3 g,2 g,6 g,0 %,15 %,10 %,35 %
Pasta (white sauce),"Botticelli White Pasta Sauce, Alfredo, Premium",1,0.25 cup,100,8 g,6 g,--,--,0 g,25 mg,410 mg,0 mg,3 g,0 g,1 g,3 g,--,--,6 %,0 %
Pasta (red sauce),Herringtons Red Peppers Pasta Sauce Pasta Sauce,1,0.5 cup,35,1 g,0 g,0 g,0 g,0 g,0 mg,285 mg,0 mg,0 g,2 g,4 g,1 g,10 %,20 %,4 %,10 %
Instant Upma mix,Nirav i Instant upma mix,1,0.25 cup,118,3 g,0 g,0 g,0 g,0 g,0 mg,9 mg,0 mg,25 g,1 g,0 g,3.3 g,0 %,0 %,1 %,3 %
Instant Poha,Poha Organic poha,1,1 serv 45g,345,0.5 g,--,--,--,--,--,--,--,78 g,--,--,7 g,--,--,1 %,4 %
Cornflakes,Kellogg's cornflakes Cornflakes,1,30 g,113,0.3 g,0.1 g,--,--,--,0 mg,68 mg,0 mg,25 g,0.9 g,2.4 g,2.1 g,30 %,0 %,0 %,17 %
Muesli,Kellogg's Muesli Muesli,1,45 g,185,5.9 g,1.2 g,0 g,0 g,0 g,0 mg,0 mg,0 mg,26 g,9 g,7.2 g,5.4 g,0 %,0 %,0 %,0 %
Oats flavored,GreenWise Oats & Honey Flavored Granola,1,0.67 cup,270,10 g,1 g,--,--,0 g,0 mg,160 mg,140 mg,40 g,4 g,15 g,6 g,--,--,2 %,8.89 %
Parle-G biscuits,Parle-G  Royale Parle Biscuits,1,3 Cookies,170,6 g,3 g,--,--,0 g,0 mg,95 mg,30 mg,27 g,0.5 g,10 g,2 g,--,--,0 %,0 %
Marie biscuits,Bakers Marie biscuits Biscuits,1,200 gram,847,18.1 g,10.4 g,2.4 g,6.2 g,0 g,42 mg,754 mg,--,148 g,3.4 g,43.4 g,16.6 g,--,--,--,--
Cream biscuits,"Biscuits, sandwich, cream",1,1 g,5,0.233 g,0.133 g,0.021 g,0.068 g,0 g,0.027 mg,1.88 mg,2.53 mg,0.658 g,0.031 g,0.299 g,0.05 g,0.001 %,0 %,0.118 %,0.122 %
Bourbon biscuits,Bourbon Ball Biscuit,1,11 grams,50,2.23 g,0.48 g,1.2 g,0.41 g,0.02 g,0.07 mg,27.51 mg,12.76 mg,6.58 g,0.24 g,3.48 g,0.55 g,0.01 %,0.03 %,0.17 %,0.63 %
Good Day biscuits,Good day Cashew biscuit,1,4 biscuits,160,8 g,4 g,--,--,0 g,1 mg,70 mg,--,20 g,--,7 g,2 g,--,--,--,--
Rusk,Dehradun Rusk Rusk,1,100 gm,420,9.7 g,4.9 g,1 g,2.4 g,1.3 g,--,--,--,71.4 g,--,23.7 g,11.9 g,--,--,--,--
Toast biscuits,Prima Toast Biscuits,1,6 toasts,130,3.5 g,2.5 g,--,--,0 g,0 mg,150 mg,--,22 g,2 g,5 g,3 g,0 %,0 %,0 %,4 %
Kurkure,Bingo Kurkure,1,1 pack,109,6.6 g,3.1 g,--,--,2 g,0 mg,147.7 mg,--,11.5 g,--,--,1.1 g,--,--,--,--
Lays chips,Lays Chips Classic lays chips,1,1 bag,160,11 g,1 g,--,--,0 g,0 mg,190 mg,--,15 g,--,--,2 g,--,--,--,--
Doritos,Doritos Doritos,1,12 chips,150,8 g,1 g,--,--,0 g,0 mg,190 mg,--,18 g,1 g,--,2 g,--,--,--,--
Nachos (Indian),Indian Food,1,1 cup,324,10.67 g,4.77 g,1.52 g,3.75 g,0.04 g,55.56 mg,949.87 mg,462 mg,39.87 g,3.95 g,4.05 g,18.21 g,16.05 %,14.23 %,8.74 %,16.16 %
Popcorn (butter),The Popcorn Factory Butter Popcorn,1,1 bag,210,16 g,2 g,--,--,0 g,0 mg,200 mg,55 mg,14 g,3 g,0 g,2 g,--,--,0.2 %,0 %
Protein bar,Protein Bars Protein Bars,1,0.063 pan,103,4.5 g,--,--,--,--,--,--,--,15 g,2 g,6.3 g,4.25 g,--,--,--,--
Energy drink,Monster Energy Energy Drink,1,100 ml,48,0 g,--,--,--,--,--,0.08 mg,--,12 g,--,11 g,0 g,--,--,0 %,0 %
Flavored yogurt,flavored yogurt flavored yogurt fraise,1,"1 sachet de 25,5g",85,0.4 g,0.1 g,0 g,0 g,0 g,0 mg,0.26 mg,0 mg,2 g,0.5 g,0.9 g,18 g,0 %,0 %,0.55 %,0 %
Ice cream cone,Ice Cream Drumstick Cone,1,1 cone,290,17.94 g,9.4 g,1.36 g,6.02 g,--,17.22 mg,77.08 mg,182.04 mg,28.19 g,0.82 g,20.5 g,4.27 g,1.71 %,0 %,5.17 %,0 %
Paneer Butter Masala (restaurant style),Priya Paneer Butter Masala,1,0.333 cup (100g),240,19 g,9 g,--,--,--,--,580 mg,--,9 g,1 g,--,6 g,--,--,15 %,8 %
Dal Makhani (cream-heavy),Ashoka Delhi Dal Makhani,1,0.5 cup,170,9 g,2.5 g,--,--,0 g,0 mg,470 mg,128 mg,14 g,2 g,0 g,6 g,--,--,3 %,5.56 %
Veg Kolhapuri,Kohinoor Kolhapuri Masala,1,1 serving,170,9 g,2 g,--,--,0 g,0 mg,720 mg,--,20 g,3 g,3 g,3 g,--,--,2 %,6 %
Veg Handi,Ritz Handi-Snacks,1,1 package,100,5 g,3 g,--,--,0.1 g,10 mg,360 mg,--,12 g,0 g,2 g,2 g,--,--,--,--
Mix Veg Curry,Mixed veg Mixed  veg,1,0.666667 cup,50,0 g,--,--,--,0 g,0 mg,30 mg,--,11 g,--,--,2 g,--,--,--,--
Dum Aloo (restaurant),Sodexo Dum Aloo,1,1 cup,192,13.8 g,--,--,--,--,--,--,--,15.18 g,--,--,1.39 g,--,--,--,--
Chole (bhature style gravy),Babu's Chole Bhature Sandwich,1,1 sandwich,300,16 g,2.5 g,--,--,--,--,430 mg,--,33 g,2 g,2 g,5 g,2 %,4 %,2 %,10 %
Rajma (restaurant style),Shahi rajma Shahi rajma,1,100 g,142,6.2 g,--,--,--,--,--,--,--,16.6 g,--,--,5.5 g,--,--,--,--
Cheese Naan,Silks Naan Cheese,1,1 naan,765,20.25 g,5 g,0 g,0 g,0 g,0 mg,0 mg,0 mg,116 g,0 g,0 g,23.25 g,0 %,0 %,0 %,0 %
Lachha Paratha,Schani Lachha paratha,1,100 gm,210,9 g,--,--,--,--,--,--,--,27 g,--,--,5 g,--,--,--,--
Veg Manchurian (gravy/dry),China's Secret Veg Manchurian Miracle Masala,1,3 tsp,10,0 g,0 g,0 g,0 g,0 g,0 mg,275 mg,0 mg,2 g,0 g,0 g,0 g,0 %,0 %,0 %,0 %
Paneer Manchurian,Inchin's Chicken Manchurian Chicken in Manchurian sauce,1,1 Cup,262,42 g,8 g,--,--,--,260 mg,"1,270 mg",--,16 g,2 g,3 g,57 g,--,--,--,--
Chilli Paneer,Riya's Chilli paneer,1,1 container,651,48 g,16.8 g,0 g,0 g,0 g,0 mg,4.2 mg,0 mg,25.2 g,3.9 g,0 g,25.5 g,0 %,0 %,0 %,0 %
Chilli Potato,"Burts Potato Chips, Thai Sweet Chilli",1,1 oz,150,8 g,1 g,--,--,0 g,0 mg,50 mg,504 mg,16 g,1 g,1 g,2 g,--,--,0.8 %,2.78 %
Schezwan Noodles,Yu Schezwan noodles,1,100 gms,355,8.9 g,1.4 g,--,--,0 g,--,729 mg,--,51.3 g,9.1 g,4.1 g,13 g,--,--,--,--
Triple Schezwan Rice,schezwan schezwan noodles chings,1,60 gram,69,1.9 g,0.9 g,--,--,0 g,--,271.7 mg,--,11.4 g,--,0 g,1.7 g,--,--,--,--
Spring Rolls,Vegetable Spring Roll,1,1 roll,148,6.22 g,0.56 g,3.19 g,2.05 g,0.12 g,11.61 mg,269.91 mg,68.68 mg,19.28 g,0.87 g,0.88 g,3.75 g,11.94 %,10.75 %,1.94 %,6.9 %
Momos (fried/steamed),Wow momos Momos,1,100 g,206,8.81 g,--,--,--,--,--,522 mg,--,23.9 g,--,2.19 g,7.92 g,--,--,--,--
McAloo Tikki Burger,chetran tofu tikki burger,1,100 gram,322,18 g,--,--,--,--,--,--,--,20 g,14 g,--,20 g,--,--,--,--
McVeggie Burger,Mcdonald's Deluxe Mcveggie,1,250 g,542,26 g,7 g,--,--,--,--,"1,190 mg",--,58 g,--,7 g,18 g,--,--,--,--
Veg Maharaja Burger,Veg burgers Veg burgers,1,100 g,197,9.1 g,1.6 g,--,--,--,--,1.2 mg,--,12 g,3.8 g,2.3 g,15 g,--,--,--,--
Veg Whopper,Whoppers Robin Eggs,1,8 pieces,180,6 g,5 g,--,--,0.1 g,5 mg,90 mg,--,33 g,0 g,30 g,1 g,--,--,4 %,2 %
Cheese Burger (veg),Carrefour Veg Veg Burger,1,100 gram,162,7.8 g,1.9 g,0 g,0 g,0 g,0 mg,0 mg,0 mg,15 g,0 g,0 g,6 g,0 %,0 %,0 %,0 %
Margherita Pizza,Pizza Oggi Margherita Pizza,1,1 slice,140,3.5 g,2 g,--,--,0 g,10 mg,340 mg,95 mg,22 g,2 g,2 g,6 g,--,--,13 %,6 %
Farmhouse Pizza,Pizza Hut Farmhouse Pizza (Pan Base) Regular,1,1 slice,189,8.3 g,2.8 g,--,--,--,--,380 mg,--,19.9 g,--,--,9 g,--,--,--,--
Cheese Burst Pizza,Dominos Pizza (My) Cheese Burst Non-veg,1,1 reg. slice,250,7.2 g,4.1 g,--,--,--,--,500 mg,--,33.2 g,--,3 g,11.9 g,--,--,--,--
Garlic Bread,Lidl Garlic Bread,1,1 slice,150,7 g,1.5 g,3 g,1.5 g,0 g,0 mg,250 mg,--,20 g,1 g,1 g,3 g,--,--,2.6 %,8 %
French Fries (regular/large),A&W French Fries (Regular),1,4 oz,310,12 g,3 g,--,--,3.5 g,0 mg,460 mg,--,45 g,4 g,0 g,3 g,0 %,30 %,0 %,0 %
Peri Peri Fries,Mccain Peri Peri Fries (Grilled),1,100 g,259,11.1 g,1.2 g,0 g,0 g,0 g,0 mg,1.2 mg,0 mg,35.1 g,0 g,0.5 g,2.8 g,0 %,0 %,0 %,0 %
Veg Wrap,Twelve Veg wrap,1,1 wrap,468,24 g,6 g,--,--,--,--,1.55 mg,--,49 g,4.7 g,6 g,11 g,--,--,--,--
Paneer Wrap,Zippy Salsa Paneer Wrap,1,1 piece,199,4 g,4 g,0 g,0 g,0 g,--,--,--,41 g,20 g,--,22 g,--,--,--,--
Cold Coffee (with ice cream),"Cold Stone Creamery Coffee Ice Cream, Like It",1,1 Serving,340,20 g,13 g,--,--,0.5 g,80 mg,100 mg,--,36 g,0 g,31 g,4 g,--,--,--,--
Frappe,Mc Cafe Frappe,1,1 bottle,260,6 g,3.5 g,--,--,0 g,20 mg,180 mg,330 mg,46 g,0 g,45 g,6 g,--,--,--,--
Oreo Shake,"Apollo Burger Shake, Oreo",1,1 Serving,930,30 g,13 g,--,--,0 g,55 mg,660 mg,--,145 g,3 g,114 g,21 g,--,--,--,--
Brownie with Ice Cream,Breyers Brownie Cheesecake Ice Cream,1,0.67 cup,170,6 g,4.5 g,--,--,0 g,10 mg,80 mg,140 mg,26 g,0.5 g,14 g,3 g,--,--,7 %,2.78 %
Chocolate Lava Cake,"Martin Dessert Lava Cake, Chocolate",1,1 lava cake,330,18 g,6 g,--,--,0 g,100 mg,55 mg,--,39 g,2 g,29 g,5 g,--,--,--,--
Waffles (chocolate),Frozen chocolate waffle,1,1 waffle,128,4.2 g,1.236 g,0.6 g,2.156 g,--,5.6 mg,176.4 mg,60 mg,19.576 g,1.04 g,2.704 g,2.972 g,--,--,--,--
Pancakes (with syrup),Pancake syrup,1,1 tablespoon,53,0.02 g,0.004 g,0.01 g,0.006 g,--,0 mg,12.2 mg,1.2 mg,13.92 g,0 g,8.4 g,0 g,--,0 %,0.1 %,0.078 %
Ice Cream Sundae,IHOP Ice Cream Sundae,1,1 Serving,320,18 g,12 g,--,--,0 g,60 mg,80 mg,--,37 g,0 g,31 g,4 g,--,--,--,--
Thick Shake,Dunkin' Extra Thick Shake - Coffee,1,1 Size,460,19 g,12 g,--,--,1 g,70 mg,310 mg,--,55 g,1 g,51 g,18 g,--,--,--,--
Cup Noodles,Cup Noodle Medium Noodle No. 22,1,1 package,420,1.5 g,0 g,--,--,0 g,0 mg,830 mg,--,84 g,3 g,1 g,14 g,--,--,2 %,20 %
Instant Pasta (white/red sauce),"Riceland White Rice, Instant",1,0.5 cup dry,190,0 g,0 g,--,--,0 g,0 mg,5 mg,10 mg,42 g,1 g,0 g,4 g,--,--,1 %,8.33 %
Ready-to-eat Pulao,Selection Ready to eat Bologna,1,1 serving,250,20 g,7 g,--,--,0.1 g,80 mg,850 mg,500 mg,4 g,0 g,1 g,13 g,--,--,4 %,6.94 %
Ready-to-eat Dal Makhani,Dal Makhani,1,0.33 Serving(s),105,4 g,1.5 g,0.4 g,1.5 g,0 g,4 mg,200 mg,180 mg,13 g,4 g,1 g,5 g,2 %,2 %,4 %,8 %
Ready-to-eat Rajma,Kohinoor Xpress Eats Rajma Masala,1,100 gram,102,5.7 g,2 g,--,--,0.1 g,--,--,--,15 g,--,2 g,3 g,--,--,--,--
Oats (flavored packets),Quaker Apple oats Packet oats,1,33 grams,120,1.5 g,0.3 g,--,--,0 g,0 mg,150 mg,--,26 g,2 g,9 g,3 g,--,--,--,--
Parle-G,Parle-G Biscuit,1,6 biscuits,140,4 g,2 g,--,--,0 g,0 mg,90 mg,25 mg,23 g,0.5 g,7 g,2 g,--,--,0.6 %,0 %
Good Day Biscuit,Britannia Good Day Biscuits (Chocochip Cookies),1,100 g,493,21 g,7.5 g,3.7 g,9.7 g,0 g,0 mg,--,--,71 g,--,30 g,5 g,--,--,--,--
Bourbon Biscuit,Bourbon Biscuit,1,1 biscuit,68,4.8 g,1.8 g,0 g,0 g,0 g,0 mg,0 mg,0 mg,9.3 g,0 g,4.2 g,8 g,0 %,0 %,0 %,0 %
Oreo Biscuit,Biscuit Oreo copy Biscuit,1,1 biscuit,450,20.7 g,12.6 g,--,--,--,--,--,--,61.5 g,--,--,4.6 g,--,--,--,--
Cream Biscuits (various),Various Rosinen,1,100 g,298,0.55 g,0.22 g,0.2 g,--,--,--,--,--,66.2 g,5.4 g,--,2.46 g,--,--,--,--
Toast Biscuit,Prima Toast Biscuits,1,6 toasts,130,3.5 g,2.5 g,--,--,0 g,0 mg,150 mg,--,22 g,2 g,5 g,3 g,0 %,0 %,0 %,4 %
Cupcake,Cupcakes Cupcake,1,1 cupcake,300,15 g,4.5 g,0 g,0 g,1 g,20 mg,0 mg,0 mg,34 g,0 g,28 g,2 g,0 %,0 %,2 %,6 %
Pastry (chocolate/black forest),Flings Hot Chocolate Toaster Pastries,1,1 pastry,150,4.5 g,1 g,--,--,0 g,20 mg,350 mg,166 mg,33 g,15 g,1 g,10 g,--,--,7.9 %,5.56 %
Donut,Donut Time Glazed Donuts,1,1 donut,220,12 g,5 g,--,--,0 g,0 mg,95 mg,40 mg,26 g,1 g,10 g,3 g,--,--,4 %,5.56 %
Bread (white/brown),Country white bread White Bread,1,2 slices,100,1.5 g,0 g,0.5 g,0 g,0 g,0 mg,200 mg,0 mg,18 g,1 g,1 g,3 g,10 %,0 %,10 %,6 %
Haldiram Bhujia,Haldiram Bhujia Sev,1,35 g,200,14 g,4 g,0 g,0 g,0 g,0 mg,280 mg,0 mg,15 g,2 g,1 g,4 g,0 %,0 %,2 %,9 %
Corn Puffs,Cocoa Puffs 25% Less Sugar Corn Puffs,1,1 container,220,3 g,0 g,--,--,0 g,0 mg,230 mg,190 mg,47 g,3 g,12 g,3 g,--,--,20 %,31.11 %
Popcorn (butter/caramel),Mike's Popcorn Butter Popcorn,1,2.75 cups,180,13 g,11 g,--,--,0 g,0 mg,210 mg,0 mg,14 g,3 g,0 g,2 g,--,--,0 %,2 %
Nachos,Cheese Nachos,1,1 serving,274,17.2 g,1.74 g,4.03 g,11.22 g,0.05 g,2.4 mg,250.4 mg,289.6 mg,27.93 g,2.56 g,1.74 g,3.46 g,0.34 %,1.47 %,5.04 %,3.33 %
Cheese Balls (packaged),Herr's Cheese Balls,1,48 pieces,150,9 g,2.5 g,--,--,0 g,0 mg,330 mg,50 mg,16 g,0 g,1 g,1 g,--,--,1 %,1.11 %
Coca-Cola,Coca-Cola Cola,1,1 can,140,0 g,--,--,--,--,--,25 mg,--,39 g,--,39 g,0 g,--,--,0 %,0 %
Pepsi,Pepsi Pepsi,1,1 bottle,250,0 g,--,--,--,--,--,55 mg,--,69 g,--,69 g,0 g,--,--,--,--
Thums Up,Coca-cola Thums Up,1,300 ml (1 Bottle),132,0 g,0 g,--,--,0 g,0 mg,0 mg,--,33 g,--,33 g,0 g,0 %,0 %,0 %,0 %
Sprite,Sprite Sprite Lemon Lime Soda,1,1 can,140,0 g,--,--,--,--,--,65 mg,--,38 g,--,38 g,0 g,--,--,--,--
Fanta,Fanta Orange Fanta,1,100 ml,48,0 g,0 g,0 g,0 g,0 g,0 mg,0 mg,0 mg,11.7 g,0 g,11.7 g,0 g,0 %,0 %,0 %,0 %
Real Juice,Real Juice Pomegranate Juice,1,100 ml,60,0 g,0 g,0 g,0 g,0 g,0 mg,0 mg,0 mg,15 g,0 g,15 g,0.1 g,0 %,0 %,0 %,0 %
Tropicana Juice,Tropicana Orange Juice,1,8 fl oz,110,0 g,0 g,--,--,0 g,0 mg,0 mg,450 mg,26 g,0 g,22 g,2 g,--,--,2 %,--
Appy Fizz,Zalm appie Zalmp appie,1,1 moot,155,8.3 g,1.1 g,--,--,--,--,--,--,0 g,--,--,20 g,--,--,--,--
Red Bull,Red Bull Red Bull.,1,250 ml,114,0 g,0 g,--,--,0 g,--,103 mg,--,27 g,0 g,--,0 g,--,--,--,--
Sting Energy Drink,sting gold energy drink,1,100 ml,69,0 g,0 g,0 g,0 g,0 g,0 mg,40.76 mg,0 mg,18 g,0 g,0 g,0 g,0 %,0 %,0 %,0 %
Packaged Lassi,Sweet Lassi Lassi,1,125 ml,80,0.2 g,0.1 g,0 g,0 g,0 g,0 mg,60 mg,200 mg,17 g,0 g,16 g,4 g,--,--,10 %,0 %
Flavored Milk,"Milk Magic Milk Flavoring Straws, Chocolate",1,1 straw,20,0 g,0 g,--,--,0 g,0 mg,0 mg,--,5 g,0 g,5 g,0 g,--,--,--,--
Cold Coffee (bottled),"Pop & Bottle Almond Milk, Cold Brew Coffee",1,11 oz,130,7 g,0 g,--,--,0 g,0 mg,40 mg,--,17 g,3 g,13 g,4 g,--,--,6 %,4 %
